city,date,aqi,pm25,pm10,no2
Delhi,2017-01-01,430,324,439,47
Delhi,2017-01-02,361,253,335,64
Delhi,2017-01-03,364,254,324,31
Delhi,2017-01-04,419,278,362,24
Delhi,2017-01-05,311,210,261,22
Delhi,2017-01-06,395,267,322,49
Delhi,2017-01-07,404,300,398,50
Delhi,2017-01-08,407,285,352,86
Delhi,2017-01-09,388,270,341,91
Delhi,2017-01-10,326,256,330,63
Delhi,2017-01-11,465,330,419,61
Delhi,2017-01-12,381,285,394,20
Delhi,2017-01-13,498,351,429,74
Delhi,2017-01-14,483,363,447,97
Delhi,2017-01-15,465,325,391,48
Delhi,2017-01-16,383,268,375,54
Delhi,2017-01-17,348,230,288,85
Delhi,2017-01-18,450,303,408,21
Delhi,2017-01-19,373,255,336,20
Delhi,2017-01-20,404,267,332,90
Delhi,2017-01-21,343,237,316,54
Delhi,2017-01-22,313,213,274,30
Delhi,2017-01-23,330,233,316,74
Delhi,2017-01-24,338,254,333,36
Delhi,2017-01-25,463,355,437,93
Delhi,2017-01-26,335,250,336,29
Delhi,2017-01-27,354,252,340,81
Delhi,2017-01-28,439,335,424,47
Delhi,2017-01-29,414,288,387,64
Delhi,2017-01-30,397,290,377,23
Delhi,2017-01-31,481,345,460,35
Delhi,2017-02-01,205,140,175,54
Delhi,2017-02-02,292,227,315,44
Delhi,2017-02-03,238,169,222,64
Delhi,2017-02-04,322,242,333,31
Delhi,2017-02-05,247,167,201,57
Delhi,2017-02-06,236,164,211,47
Delhi,2017-02-07,282,194,261,57
Delhi,2017-02-08,248,195,250,82
Delhi,2017-02-09,251,195,236,28
Delhi,2017-02-10,349,248,304,73
Delhi,2017-02-11,331,261,357,22
Delhi,2017-02-12,277,205,248,47
Delhi,2017-02-13,230,166,211,21
Delhi,2017-02-14,328,253,330,81
Delhi,2017-02-15,330,238,305,39
Delhi,2017-02-16,340,262,351,81
Delhi,2017-02-17,246,193,255,28
Delhi,2017-02-18,259,196,253,59
Delhi,2017-02-19,350,251,307,35
Delhi,2017-02-20,210,156,199,84
Delhi,2017-02-21,341,236,295,69
Delhi,2017-02-22,221,173,213,74
Delhi,2017-02-23,276,191,264,21
Delhi,2017-02-24,277,190,243,71
Delhi,2017-02-25,247,183,233,42
Delhi,2017-02-26,231,175,214,99
Delhi,2017-02-27,318,243,338,73
Delhi,2017-02-28,339,257,309,87
Delhi,2017-03-01,333,246,341,35
Delhi,2017-03-02,281,187,232,19
Delhi,2017-03-03,260,181,241,66
Delhi,2017-03-04,348,226,276,93
Delhi,2017-03-05,269,179,240,45
Delhi,2017-03-06,231,168,230,52
Delhi,2017-03-07,319,234,327,38
Delhi,2017-03-08,339,243,338,96
Delhi,2017-03-09,291,233,293,49
Delhi,2017-03-10,277,182,249,88
Delhi,2017-03-11,206,136,189,36
Delhi,2017-03-12,344,253,329,53
Delhi,2017-03-13,262,180,250,94
Delhi,2017-03-14,287,209,264,59
Delhi,2017-03-15,214,166,220,36
Delhi,2017-03-16,231,153,210,28
Delhi,2017-03-17,248,177,237,82
Delhi,2017-03-18,294,194,257,64
Delhi,2017-03-19,292,203,273,92
Delhi,2017-03-20,267,205,262,86
Delhi,2017-03-21,288,221,271,27
Delhi,2017-03-22,241,182,223,76
Delhi,2017-03-23,343,272,348,57
Delhi,2017-03-24,218,160,197,20
Delhi,2017-03-25,271,198,242,80
Delhi,2017-03-26,275,205,246,58
Delhi,2017-03-27,280,218,277,33
Delhi,2017-03-28,241,192,251,53
Delhi,2017-03-29,331,226,315,82
Delhi,2017-03-30,286,201,261,71
Delhi,2017-03-31,261,201,274,51
Delhi,2017-04-01,299,237,286,56
Delhi,2017-04-02,172,120,160,97
Delhi,2017-04-03,197,134,179,22
Delhi,2017-04-04,295,194,271,59
Delhi,2017-04-05,180,128,163,97
Delhi,2017-04-06,280,197,275,100
Delhi,2017-04-07,272,203,270,87
Delhi,2017-04-08,152,116,158,28
Delhi,2017-04-09,157,114,153,75
Delhi,2017-04-10,222,145,194,25
Delhi,2017-04-11,180,131,174,37
Delhi,2017-04-12,260,171,222,63
Delhi,2017-04-13,281,184,240,53
Delhi,2017-04-14,190,134,188,72
Delhi,2017-04-15,289,212,296,65
Delhi,2017-04-16,228,151,207,29
Delhi,2017-04-17,298,231,307,16
Delhi,2017-04-18,277,219,300,99
Delhi,2017-04-19,292,226,273,99
Delhi,2017-04-20,257,175,211,64
Delhi,2017-04-21,160,124,167,91
Delhi,2017-04-22,246,163,212,70
Delhi,2017-04-23,215,161,215,82
Delhi,2017-04-24,173,133,180,58
Delhi,2017-04-25,285,226,271,83
Delhi,2017-04-26,189,144,194,60
Delhi,2017-04-27,192,149,186,16
Delhi,2017-04-28,191,125,173,86
Delhi,2017-04-29,151,116,145,40
Delhi,2017-04-30,278,187,249,79
Delhi,2017-05-01,273,205,285,33
Delhi,2017-05-02,150,112,142,41
Delhi,2017-05-03,294,193,234,60
Delhi,2017-05-04,215,172,230,61
Delhi,2017-05-05,208,163,196,27
Delhi,2017-05-06,230,182,233,57
Delhi,2017-05-07,225,170,216,59
Delhi,2017-05-08,154,123,168,51
Delhi,2017-05-09,212,163,218,72
Delhi,2017-05-10,158,112,149,17
Delhi,2017-05-11,295,201,264,93
Delhi,2017-05-12,291,230,303,99
Delhi,2017-05-13,246,171,215,50
Delhi,2017-05-14,239,162,195,69
Delhi,2017-05-15,293,196,273,88
Delhi,2017-05-16,186,138,180,22
Delhi,2017-05-17,275,197,256,37
Delhi,2017-05-18,265,208,254,61
Delhi,2017-05-19,214,152,200,66
Delhi,2017-05-20,199,150,186,76
Delhi,2017-05-21,239,184,255,32
Delhi,2017-05-22,209,162,217,92
Delhi,2017-05-23,183,140,194,16
Delhi,2017-05-24,152,100,127,52
Delhi,2017-05-25,274,218,286,24
Delhi,2017-05-26,162,114,145,67
Delhi,2017-05-27,260,182,247,34
Delhi,2017-05-28,163,117,158,63
Delhi,2017-05-29,211,167,228,91
Delhi,2017-05-30,164,120,152,41
Delhi,2017-05-31,200,132,183,37
Delhi,2017-06-01,167,132,170,85
Delhi,2017-06-02,201,157,192,35
Delhi,2017-06-03,287,226,295,30
Delhi,2017-06-04,246,164,206,96
Delhi,2017-06-05,300,228,291,94
Delhi,2017-06-06,156,112,148,75
Delhi,2017-06-07,253,186,230,57
Delhi,2017-06-08,216,148,188,22
Delhi,2017-06-09,193,135,178,28
Delhi,2017-06-10,226,165,198,21
Delhi,2017-06-11,293,226,307,27
Delhi,2017-06-12,284,206,263,38
Delhi,2017-06-13,300,209,290,42
Delhi,2017-06-14,157,121,157,62
Delhi,2017-06-15,246,188,252,66
Delhi,2017-06-16,215,145,191,67
Delhi,2017-06-17,202,154,189,38
Delhi,2017-06-18,206,150,199,23
Delhi,2017-06-19,256,204,278,22
Delhi,2017-06-20,173,131,165,94
Delhi,2017-06-21,254,180,250,75
Delhi,2017-06-22,300,204,270,89
Delhi,2017-06-23,263,177,246,95
Delhi,2017-06-24,167,125,151,94
Delhi,2017-06-25,159,125,174,33
Delhi,2017-06-26,261,186,255,18
Delhi,2017-06-27,283,210,275,33
Delhi,2017-06-28,166,132,176,36
Delhi,2017-06-29,169,128,158,20
Delhi,2017-06-30,293,224,271,90
Delhi,2017-07-01,84,65,82,52
Delhi,2017-07-02,58,46,56,32
Delhi,2017-07-03,94,73,90,45
Delhi,2017-07-04,87,65,85,36
Delhi,2017-07-05,123,95,124,96
Delhi,2017-07-06,140,107,141,59
Delhi,2017-07-07,101,66,83,28
Delhi,2017-07-08,120,82,107,82
Delhi,2017-07-09,66,49,59,46
Delhi,2017-07-10,99,75,94,48
Delhi,2017-07-11,59,46,63,96
Delhi,2017-07-12,75,55,67,42
Delhi,2017-07-13,117,80,96,63
Delhi,2017-07-14,147,107,134,27
Delhi,2017-07-15,52,37,46,59
Delhi,2017-07-16,65,45,63,77
Delhi,2017-07-17,136,108,138,85
Delhi,2017-07-18,67,53,64,56
Delhi,2017-07-19,106,79,108,91
Delhi,2017-07-20,92,70,90,82
Delhi,2017-07-21,133,90,109,73
Delhi,2017-07-22,145,110,135,47
Delhi,2017-07-23,127,94,129,36
Delhi,2017-07-24,62,49,68,98
Delhi,2017-07-25,127,85,117,26
Delhi,2017-07-26,127,96,118,80
Delhi,2017-07-27,64,46,58,59
Delhi,2017-07-28,132,98,123,42
Delhi,2017-07-29,61,48,65,57
Delhi,2017-07-30,91,71,92,54
Delhi,2017-07-31,78,52,67,33
Delhi,2017-08-01,81,60,80,64
Delhi,2017-08-02,92,73,98,80
Delhi,2017-08-03,127,90,124,47
Delhi,2017-08-04,101,76,93,61
Delhi,2017-08-05,62,48,62,84
Delhi,2017-08-06,63,47,62,84
Delhi,2017-08-07,137,95,116,52
Delhi,2017-08-08,119,92,122,93
Delhi,2017-08-09,108,72,99,27
Delhi,2017-08-10,88,67,92,30
Delhi,2017-08-11,63,49,66,58
Delhi,2017-08-12,122,96,132,86
Delhi,2017-08-13,150,113,141,97
Delhi,2017-08-14,93,66,91,61
Delhi,2017-08-15,110,83,115,61
Delhi,2017-08-16,137,105,135,54
Delhi,2017-08-17,70,46,61,51
Delhi,2017-08-18,72,57,77,31
Delhi,2017-08-19,140,102,135,42
Delhi,2017-08-20,96,67,81,74
Delhi,2017-08-21,89,69,90,100
Delhi,2017-08-22,111,86,109,58
Delhi,2017-08-23,127,90,108,23
Delhi,2017-08-24,99,75,98,73
Delhi,2017-08-25,146,97,123,41
Delhi,2017-08-26,139,107,139,83
Delhi,2017-08-27,73,53,64,86
Delhi,2017-08-28,65,44,55,43
Delhi,2017-08-29,50,37,46,30
Delhi,2017-08-30,147,111,149,92
Delhi,2017-08-31,89,68,83,24
Delhi,2017-09-01,97,67,84,82
Delhi,2017-09-02,140,96,117,20
Delhi,2017-09-03,99,73,90,60
Delhi,2017-09-04,112,80,97,78
Delhi,2017-09-05,76,50,68,38
Delhi,2017-09-06,69,53,68,80
Delhi,2017-09-07,68,48,61,57
Delhi,2017-09-08,128,92,111,86
Delhi,2017-09-09,85,63,84,16
Delhi,2017-09-10,92,69,90,98
Delhi,2017-09-11,74,49,62,42
Delhi,2017-09-12,71,49,69,22
Delhi,2017-09-13,88,64,89,61
Delhi,2017-09-14,67,45,62,81
Delhi,2017-09-15,145,98,129,59
Delhi,2017-09-16,95,68,94,61
Delhi,2017-09-17,73,56,73,64
Delhi,2017-09-18,150,110,133,64
Delhi,2017-09-19,63,48,58,42
Delhi,2017-09-20,85,58,79,27
Delhi,2017-09-21,103,82,99,82
Delhi,2017-09-22,137,108,136,35
Delhi,2017-09-23,124,95,130,34
Delhi,2017-09-24,135,99,138,64
Delhi,2017-09-25,111,89,118,81
Delhi,2017-09-26,112,75,98,91
Delhi,2017-09-27,143,99,133,54
Delhi,2017-09-28,51,34,47,72
Delhi,2017-09-29,136,107,138,44
Delhi,2017-09-30,77,50,61,20
Delhi,2017-10-01,339,269,374,36
Delhi,2017-10-02,310,205,285,73
Delhi,2017-10-03,274,217,298,16
Delhi,2017-10-04,283,220,298,52
Delhi,2017-10-05,223,174,232,28
Delhi,2017-10-06,220,153,194,60
Delhi,2017-10-07,213,151,195,69
Delhi,2017-10-08,342,232,288,68
Delhi,2017-10-09,244,180,251,97
Delhi,2017-10-10,260,198,247,87
Delhi,2017-10-11,247,169,208,44
Delhi,2017-10-12,349,244,302,89
Delhi,2017-10-13,316,236,295,82
Delhi,2017-10-14,346,243,299,87
Delhi,2017-10-15,333,238,316,44
Delhi,2017-10-16,295,200,262,33
Delhi,2017-10-17,212,153,212,74
Delhi,2017-10-18,313,250,309,38
Delhi,2017-10-19,265,196,270,50
Delhi,2017-10-20,282,224,280,95
Delhi,2017-10-21,264,200,245,30
Delhi,2017-10-22,314,220,271,66
Delhi,2017-10-23,344,246,327,72
Delhi,2017-10-24,217,161,199,50
Delhi,2017-10-25,265,196,243,62
Delhi,2017-10-26,277,193,246,44
Delhi,2017-10-27,318,212,295,95
Delhi,2017-10-28,229,152,203,32
Delhi,2017-10-29,286,186,242,30
Delhi,2017-10-30,291,221,269,27
Delhi,2017-10-31,312,212,285,90
Delhi,2017-11-01,314,225,301,42
Delhi,2017-11-02,406,289,389,73
Delhi,2017-11-03,329,221,299,64
Delhi,2017-11-04,416,318,412,33
Delhi,2017-11-05,440,327,421,74
Delhi,2017-11-06,331,261,313,36
Delhi,2017-11-07,476,345,475,53
Delhi,2017-11-08,348,241,320,32
Delhi,2017-11-09,412,288,396,33
Delhi,2017-11-10,436,344,477,80
Delhi,2017-11-11,409,312,379,84
Delhi,2017-11-12,343,267,360,37
Delhi,2017-11-13,301,211,284,42
Delhi,2017-11-14,418,329,404,52
Delhi,2017-11-15,500,329,450,69
Delhi,2017-11-16,331,240,297,45
Delhi,2017-11-17,339,221,286,37
Delhi,2017-11-18,355,254,322,35
Delhi,2017-11-19,378,246,340,91
Delhi,2017-11-20,491,342,447,76
Delhi,2017-11-21,494,385,523,17
Delhi,2017-11-22,475,356,483,82
Delhi,2017-11-23,345,253,310,40
Delhi,2017-11-24,451,342,445,71
Delhi,2017-11-25,303,199,240,25
Delhi,2017-11-26,302,215,265,59
Delhi,2017-11-27,300,229,279,72
Delhi,2017-11-28,457,348,433,57
Delhi,2017-11-29,401,296,366,83
Delhi,2017-11-30,433,301,396,86
Delhi,2017-12-01,448,353,465,45
Delhi,2017-12-02,469,314,423,55
Delhi,2017-12-03,322,239,323,37
Delhi,2017-12-04,483,380,475,60
Delhi,2017-12-05,496,327,444,60
Delhi,2017-12-06,495,330,406,81
Delhi,2017-12-07,325,228,291,30
Delhi,2017-12-08,379,285,350,44
Delhi,2017-12-09,385,263,352,77
Delhi,2017-12-10,432,321,388,46
Delhi,2017-12-11,499,350,487,37
Delhi,2017-12-12,436,284,344,40
Delhi,2017-12-13,491,361,488,27
Delhi,2017-12-14,336,264,328,47
Delhi,2017-12-15,452,350,440,74
Delhi,2017-12-16,380,250,314,76
Delhi,2017-12-17,433,283,367,97
Delhi,2017-12-18,449,354,467,35
Delhi,2017-12-19,355,241,315,87
Delhi,2017-12-20,394,304,415,55
Delhi,2017-12-21,424,283,362,45
Delhi,2017-12-22,429,324,390,93
Delhi,2017-12-23,326,229,303,76
Delhi,2017-12-24,352,260,333,64
Delhi,2017-12-25,325,225,283,71
Delhi,2017-12-26,360,245,296,61
Delhi,2017-12-27,398,303,367,49
Delhi,2017-12-28,471,358,444,33
Delhi,2017-12-29,312,244,324,54
Delhi,2017-12-30,456,322,433,48
Delhi,2017-12-31,470,344,468,40
Delhi,2018-01-01,459,326,422,59
Delhi,2018-01-02,373,267,327,56
Delhi,2018-01-03,311,210,271,71
Delhi,2018-01-04,481,316,416,55
Delhi,2018-01-05,458,360,504,21
Delhi,2018-01-06,496,376,519,31
Delhi,2018-01-07,441,312,387,32
Delhi,2018-01-08,426,332,435,55
Delhi,2018-01-09,489,332,421,76
Delhi,2018-01-10,372,242,301,90
Delhi,2018-01-11,491,350,440,49
Delhi,2018-01-12,431,331,444,67
Delhi,2018-01-13,307,231,280,30
Delhi,2018-01-14,352,239,330,56
Delhi,2018-01-15,425,284,387,61
Delhi,2018-01-16,307,239,314,40
Delhi,2018-01-17,310,242,302,49
Delhi,2018-01-18,302,214,279,31
Delhi,2018-01-19,301,200,259,70
Delhi,2018-01-20,454,335,447,73
Delhi,2018-01-21,386,292,365,76
Delhi,2018-01-22,376,262,325,48
Delhi,2018-01-23,438,322,436,66
Delhi,2018-01-24,383,282,346,29
Delhi,2018-01-25,377,292,380,32
Delhi,2018-01-26,444,336,453,91
Delhi,2018-01-27,481,380,457,40
Delhi,2018-01-28,493,356,496,82
Delhi,2018-01-29,477,361,454,67
Delhi,2018-01-30,303,234,320,74
Delhi,2018-01-31,458,342,441,22
Delhi,2018-02-01,214,158,190,49
Delhi,2018-02-02,238,162,198,38
Delhi,2018-02-03,340,238,298,93
Delhi,2018-02-04,215,152,198,27
Delhi,2018-02-05,207,162,206,20
Delhi,2018-02-06,275,182,235,73
Delhi,2018-02-07,296,199,273,75
Delhi,2018-02-08,334,233,290,34
Delhi,2018-02-09,322,229,318,31
Delhi,2018-02-10,340,246,336,77
Delhi,2018-02-11,329,215,300,51
Delhi,2018-02-12,320,235,284,58
Delhi,2018-02-13,327,246,334,70
Delhi,2018-02-14,269,199,264,80
Delhi,2018-02-15,349,261,355,65
Delhi,2018-02-16,263,203,271,62
Delhi,2018-02-17,323,256,322,30
Delhi,2018-02-18,287,188,260,35
Delhi,2018-02-19,238,169,223,28
Delhi,2018-02-20,259,177,228,60
Delhi,2018-02-21,243,169,213,38
Delhi,2018-02-22,334,256,330,17
Delhi,2018-02-23,205,156,213,25
Delhi,2018-02-24,311,225,306,48
Delhi,2018-02-25,247,182,230,76
Delhi,2018-02-26,264,211,279,51
Delhi,2018-02-27,280,206,255,31
Delhi,2018-02-28,326,235,295,71
Delhi,2018-03-01,246,176,239,44
Delhi,2018-03-02,309,204,277,49
Delhi,2018-03-03,235,178,224,16
Delhi,2018-03-04,235,170,237,68
Delhi,2018-03-05,255,184,231,59
Delhi,2018-03-06,237,188,250,50
Delhi,2018-03-07,325,215,297,67
Delhi,2018-03-08,201,147,202,79
Delhi,2018-03-09,203,142,177,18
Delhi,2018-03-10,260,185,255,41
Delhi,2018-03-11,322,231,278,51
Delhi,2018-03-12,348,245,331,86
Delhi,2018-03-13,223,150,185,73
Delhi,2018-03-14,204,147,177,58
Delhi,2018-03-15,236,182,220,33
Delhi,2018-03-16,222,146,175,15
Delhi,2018-03-17,218,150,200,52
Delhi,2018-03-18,273,179,234,97
Delhi,2018-03-19,316,218,273,51
Delhi,2018-03-20,221,176,239,95
Delhi,2018-03-21,283,206,266,55
Delhi,2018-03-22,201,131,181,26
Delhi,2018-03-23,267,193,245,21
Delhi,2018-03-24,275,183,228,28
Delhi,2018-03-25,314,224,281,84
Delhi,2018-03-26,271,184,225,42
Delhi,2018-03-27,245,168,234,75
Delhi,2018-03-28,335,248,339,67
Delhi,2018-03-29,272,209,275,38
Delhi,2018-03-30,245,173,242,80
Delhi,2018-03-31,285,214,260,66
Delhi,2018-04-01,224,178,234,25
Delhi,2018-04-02,151,118,146,35
Delhi,2018-04-03,158,126,165,82
Delhi,2018-04-04,198,134,173,88
Delhi,2018-04-05,267,212,277,73
Delhi,2018-04-06,186,145,185,83
Delhi,2018-04-07,197,144,201,59
Delhi,2018-04-08,167,118,143,39
Delhi,2018-04-09,188,130,162,50
Delhi,2018-04-10,201,148,201,60
Delhi,2018-04-11,218,143,195,83
Delhi,2018-04-12,236,182,233,43
Delhi,2018-04-13,161,105,135,23
Delhi,2018-04-14,258,181,239,23
Delhi,2018-04-15,300,206,251,62
Delhi,2018-04-16,211,155,190,51
Delhi,2018-04-17,217,167,203,85
Delhi,2018-04-18,267,185,239,31
Delhi,2018-04-19,268,192,244,48
Delhi,2018-04-20,227,174,228,92
Delhi,2018-04-21,216,155,209,77
Delhi,2018-04-22,170,119,148,60
Delhi,2018-04-23,170,124,152,40
Delhi,2018-04-24,203,148,192,90
Delhi,2018-04-25,239,175,213,99
Delhi,2018-04-26,258,173,233,97
Delhi,2018-04-27,170,113,141,86
Delhi,2018-04-28,265,175,223,62
Delhi,2018-04-29,161,121,161,75
Delhi,2018-04-30,224,151,194,30
Delhi,2018-05-01,191,141,191,98
Delhi,2018-05-02,194,154,199,88
Delhi,2018-05-03,285,219,280,29
Delhi,2018-05-04,250,172,212,92
Delhi,2018-05-05,254,171,213,35
Delhi,2018-05-06,270,203,256,32
Delhi,2018-05-07,197,148,200,64
Delhi,2018-05-08,218,142,182,16
Delhi,2018-05-09,270,209,280,74
Delhi,2018-05-10,220,148,197,60
Delhi,2018-05-11,243,181,253,22
Delhi,2018-05-12,183,137,179,78
Delhi,2018-05-13,269,178,240,55
Delhi,2018-05-14,217,164,229,34
Delhi,2018-05-15,152,111,154,35
Delhi,2018-05-16,256,167,229,79
Delhi,2018-05-17,243,162,221,58
Delhi,2018-05-18,153,118,143,85
Delhi,2018-05-19,226,177,220,57
Delhi,2018-05-20,204,148,205,44
Delhi,2018-05-21,160,116,150,25
Delhi,2018-05-22,210,166,210,30
Delhi,2018-05-23,199,140,195,50
Delhi,2018-05-24,289,210,275,78
Delhi,2018-05-25,266,207,265,43
Delhi,2018-05-26,167,131,165,27
Delhi,2018-05-27,151,114,154,48
Delhi,2018-05-28,200,135,164,72
Delhi,2018-05-29,197,134,163,97
Delhi,2018-05-30,186,134,170,59
Delhi,2018-05-31,152,105,135,87
Delhi,2018-06-01,263,197,255,22
Delhi,2018-06-02,188,137,181,84
Delhi,2018-06-03,234,165,206,31
Delhi,2018-06-04,278,214,279,84
Delhi,2018-06-05,259,190,261,47
Delhi,2018-06-06,267,199,249,52
Delhi,2018-06-07,275,185,247,91
Delhi,2018-06-08,169,134,167,54
Delhi,2018-06-09,258,184,221,21
Delhi,2018-06-10,152,106,145,67
Delhi,2018-06-11,223,176,241,48
Delhi,2018-06-12,239,184,253,98
Delhi,2018-06-13,230,150,195,38
Delhi,2018-06-14,157,121,165,53
Delhi,2018-06-15,168,122,156,28
Delhi,2018-06-16,285,207,258,97
Delhi,2018-06-17,173,130,171,89
Delhi,2018-06-18,278,218,272,34
Delhi,2018-06-19,250,171,234,83
Delhi,2018-06-20,274,214,262,90
Delhi,2018-06-21,204,138,182,91
Delhi,2018-06-22,262,172,231,82
Delhi,2018-06-23,228,160,220,36
Delhi,2018-06-24,221,152,187,58
Delhi,2018-06-25,242,168,225,72
Delhi,2018-06-26,151,106,141,41
Delhi,2018-06-27,202,149,200,18
Delhi,2018-06-28,154,106,128,22
Delhi,2018-06-29,281,206,265,63
Delhi,2018-06-30,180,124,163,70
Delhi,2018-07-01,62,49,63,98
Delhi,2018-07-02,58,41,51,89
Delhi,2018-07-03,145,97,136,20
Delhi,2018-07-04,142,98,127,50
Delhi,2018-07-05,97,68,85,65
Delhi,2018-07-06,110,82,102,100
Delhi,2018-07-07,122,97,135,48
Delhi,2018-07-08,90,64,85,32
Delhi,2018-07-09,54,42,50,50
Delhi,2018-07-10,130,103,127,81
Delhi,2018-07-11,87,61,79,88
Delhi,2018-07-12,67,45,63,90
Delhi,2018-07-13,116,82,110,69
Delhi,2018-07-14,83,54,75,31
Delhi,2018-07-15,144,112,145,17
Delhi,2018-07-16,113,83,112,95
Delhi,2018-07-17,91,71,98,97
Delhi,2018-07-18,81,62,75,79
Delhi,2018-07-19,148,98,125,55
Delhi,2018-07-20,63,46,62,46
Delhi,2018-07-21,125,93,128,46
Delhi,2018-07-22,98,71,99,83
Delhi,2018-07-23,109,80,110,99
Delhi,2018-07-24,95,63,76,49
Delhi,2018-07-25,99,72,91,39
Delhi,2018-07-26,82,65,82,66
Delhi,2018-07-27,122,93,112,87
Delhi,2018-07-28,68,50,66,24
Delhi,2018-07-29,61,40,52,76
Delhi,2018-07-30,72,54,67,45
Delhi,2018-07-31,50,34,41,40
Delhi,2018-08-01,145,114,146,46
Delhi,2018-08-02,131,105,126,32
Delhi,2018-08-03,121,89,111,55
Delhi,2018-08-04,117,78,96,80
Delhi,2018-08-05,112,81,105,33
Delhi,2018-08-06,120,91,120,40
Delhi,2018-08-07,139,103,140,22
Delhi,2018-08-08,125,94,122,49
Delhi,2018-08-09,58,43,59,99
Delhi,2018-08-10,107,80,101,33
Delhi,2018-08-11,142,110,137,73
Delhi,2018-08-12,134,104,132,26
Delhi,2018-08-13,108,78,103,37
Delhi,2018-08-14,136,99,125,21
Delhi,2018-08-15,72,54,68,100
Delhi,2018-08-16,117,78,107,19
Delhi,2018-08-17,114,78,106,59
Delhi,2018-08-18,143,106,141,30
Delhi,2018-08-19,81,64,89,68
Delhi,2018-08-20,64,51,67,40
Delhi,2018-08-21,127,93,129,90
Delhi,2018-08-22,107,74,94,94
Delhi,2018-08-23,108,83,107,84
Delhi,2018-08-24,96,75,95,65
Delhi,2018-08-25,97,69,96,86
Delhi,2018-08-26,82,65,79,93
Delhi,2018-08-27,73,50,69,61
Delhi,2018-08-28,98,73,91,64
Delhi,2018-08-29,117,77,101,84
Delhi,2018-08-30,83,57,74,31
Delhi,2018-08-31,105,71,99,17
Delhi,2018-09-01,106,77,103,79
Delhi,2018-09-02,114,89,110,65
Delhi,2018-09-03,141,107,141,85
Delhi,2018-09-04,102,67,85,59
Delhi,2018-09-05,127,100,124,45
Delhi,2018-09-06,56,39,48,56
Delhi,2018-09-07,116,90,118,35
Delhi,2018-09-08,130,103,133,43
Delhi,2018-09-09,98,69,83,18
Delhi,2018-09-10,132,90,123,77
Delhi,2018-09-11,149,118,158,90
Delhi,2018-09-12,61,40,53,23
Delhi,2018-09-13,92,62,84,56
Delhi,2018-09-14,59,47,59,79
Delhi,2018-09-15,94,71,87,21
Delhi,2018-09-16,128,93,117,83
Delhi,2018-09-17,135,92,127,53
Delhi,2018-09-18,81,54,67,60
Delhi,2018-09-19,91,69,83,51
Delhi,2018-09-20,77,51,68,74
Delhi,2018-09-21,101,76,94,49
Delhi,2018-09-22,110,72,91,38
Delhi,2018-09-23,90,61,76,70
Delhi,2018-09-24,58,43,55,69
Delhi,2018-09-25,62,42,51,96
Delhi,2018-09-26,73,54,66,65
Delhi,2018-09-27,130,98,134,62
Delhi,2018-09-28,126,96,129,98
Delhi,2018-09-29,76,51,64,52
Delhi,2018-09-30,54,36,46,58
Delhi,2018-10-01,236,168,225,62
Delhi,2018-10-02,300,200,268,77
Delhi,2018-10-03,293,211,266,16
Delhi,2018-10-04,275,214,276,76
Delhi,2018-10-05,301,231,282,56
Delhi,2018-10-06,272,210,255,65
Delhi,2018-10-07,289,191,257,40
Delhi,2018-10-08,345,246,321,67
Delhi,2018-10-09,325,224,290,95
Delhi,2018-10-10,345,271,339,45
Delhi,2018-10-11,247,192,250,91
Delhi,2018-10-12,265,186,236,95
Delhi,2018-10-13,206,160,211,48
Delhi,2018-10-14,260,204,247,38
Delhi,2018-10-15,298,197,238,63
Delhi,2018-10-16,233,178,216,76
Delhi,2018-10-17,207,141,192,97
Delhi,2018-10-18,343,240,336,36
Delhi,2018-10-19,205,139,189,78
Delhi,2018-10-20,250,197,270,18
Delhi,2018-10-21,314,210,257,29
Delhi,2018-10-22,211,137,173,22
Delhi,2018-10-23,331,219,295,37
Delhi,2018-10-24,201,142,189,17
Delhi,2018-10-25,344,271,364,29
Delhi,2018-10-26,213,156,206,84
Delhi,2018-10-27,222,150,203,80
Delhi,2018-10-28,203,154,200,70
Delhi,2018-10-29,283,186,239,25
Delhi,2018-10-30,296,209,255,68
Delhi,2018-10-31,240,182,248,78
Delhi,2018-11-01,423,330,400,36
Delhi,2018-11-02,362,263,340,79
Delhi,2018-11-03,443,288,375,61
Delhi,2018-11-04,469,356,488,83
Delhi,2018-11-05,434,333,428,80
Delhi,2018-11-06,343,253,332,42
Delhi,2018-11-07,365,257,341,40
Delhi,2018-11-08,367,256,346,58
Delhi,2018-11-09,441,340,474,18
Delhi,2018-11-10,417,334,418,59
Delhi,2018-11-11,368,249,315,22
Delhi,2018-11-12,474,310,381,72
Delhi,2018-11-13,443,310,379,32
Delhi,2018-11-14,463,336,419,94
Delhi,2018-11-15,462,365,506,19
Delhi,2018-11-16,336,242,318,64
Delhi,2018-11-17,387,306,427,56
Delhi,2018-11-18,365,247,330,52
Delhi,2018-11-19,466,305,371,20
Delhi,2018-11-20,391,280,360,70
Delhi,2018-11-21,341,261,343,43
Delhi,2018-11-22,494,331,437,74
Delhi,2018-11-23,496,337,429,24
Delhi,2018-11-24,417,295,369,59
Delhi,2018-11-25,413,307,406,30
Delhi,2018-11-26,405,272,342,26
Delhi,2018-11-27,363,242,308,20
Delhi,2018-11-28,480,362,472,39
Delhi,2018-11-29,408,288,353,68
Delhi,2018-11-30,489,386,538,50
Delhi,2018-12-01,375,247,343,29
Delhi,2018-12-02,412,275,366,34
Delhi,2018-12-03,451,350,433,90
Delhi,2018-12-04,343,270,366,86
Delhi,2018-12-05,359,269,350,67
Delhi,2018-12-06,455,320,416,30
Delhi,2018-12-07,489,353,437,30
Delhi,2018-12-08,356,273,375,97
Delhi,2018-12-09,472,329,405,94
Delhi,2018-12-10,465,340,436,58
Delhi,2018-12-11,441,334,452,40
Delhi,2018-12-12,415,319,394,29
Delhi,2018-12-13,324,216,270,83
Delhi,2018-12-14,420,329,412,49
Delhi,2018-12-15,432,299,411,27
Delhi,2018-12-16,422,301,421,50
Delhi,2018-12-17,494,325,398,59
Delhi,2018-12-18,401,277,338,34
Delhi,2018-12-19,497,382,503,97
Delhi,2018-12-20,306,234,282,35
Delhi,2018-12-21,343,234,322,94
Delhi,2018-12-22,445,308,371,68
Delhi,2018-12-23,348,261,319,40
Delhi,2018-12-24,380,269,353,53
Delhi,2018-12-25,420,285,358,93
Delhi,2018-12-26,490,326,425,81
Delhi,2018-12-27,345,238,301,95
Delhi,2018-12-28,416,284,369,66
Delhi,2018-12-29,335,252,315,62
Delhi,2018-12-30,347,262,318,65
Delhi,2018-12-31,420,276,338,55
Delhi,2019-01-01,444,308,391,50
Delhi,2019-01-02,399,273,340,87
Delhi,2019-01-03,346,242,337,17
Delhi,2019-01-04,376,295,357,43
Delhi,2019-01-05,415,278,367,39
Delhi,2019-01-06,416,318,425,48
Delhi,2019-01-07,435,324,392,16
Delhi,2019-01-08,316,252,348,51
Delhi,2019-01-09,361,288,361,72
Delhi,2019-01-10,447,297,376,23
Delhi,2019-01-11,445,313,435,83
Delhi,2019-01-12,465,354,452,33
Delhi,2019-01-13,467,315,396,44
Delhi,2019-01-14,422,291,381,84
Delhi,2019-01-15,395,263,322,72
Delhi,2019-01-16,323,250,347,31
Delhi,2019-01-17,303,228,305,48
Delhi,2019-01-18,405,318,441,75
Delhi,2019-01-19,398,286,356,40
Delhi,2019-01-20,466,337,415,64
Delhi,2019-01-21,432,317,441,72
Delhi,2019-01-22,446,332,462,28
Delhi,2019-01-23,413,303,367,36
Delhi,2019-01-24,343,265,362,15
Delhi,2019-01-25,428,322,434,66
Delhi,2019-01-26,341,225,299,67
Delhi,2019-01-27,415,289,348,60
Delhi,2019-01-28,367,270,346,40
Delhi,2019-01-29,476,358,451,21
Delhi,2019-01-30,301,227,277,60
Delhi,2019-01-31,483,344,452,86
Delhi,2019-02-01,263,179,229,47
Delhi,2019-02-02,301,206,278,30
Delhi,2019-02-03,321,212,297,70
Delhi,2019-02-04,316,245,339,67
Delhi,2019-02-05,331,226,298,75
Delhi,2019-02-06,255,196,257,54
Delhi,2019-02-07,309,205,247,80
Delhi,2019-02-08,292,200,268,39
Delhi,2019-02-09,299,229,276,25
Delhi,2019-02-10,346,230,300,43
Delhi,2019-02-11,239,158,200,37
Delhi,2019-02-12,220,161,197,88
Delhi,2019-02-13,285,202,272,100
Delhi,2019-02-14,325,243,340,67
Delhi,2019-02-15,344,230,301,98
Delhi,2019-02-16,243,159,217,100
Delhi,2019-02-17,242,170,221,25
Delhi,2019-02-18,336,236,322,73
Delhi,2019-02-19,319,218,274,39
Delhi,2019-02-20,322,236,289,41
Delhi,2019-02-21,207,159,195,48
Delhi,2019-02-22,292,208,252,37
Delhi,2019-02-23,297,226,315,83
Delhi,2019-02-24,219,152,190,90
Delhi,2019-02-25,315,208,281,27
Delhi,2019-02-26,294,233,296,39
Delhi,2019-02-27,244,180,248,56
Delhi,2019-02-28,325,214,288,49
Delhi,2019-03-01,320,244,332,77
Delhi,2019-03-02,226,160,194,77
Delhi,2019-03-03,301,233,304,79
Delhi,2019-03-04,235,173,218,54
Delhi,2019-03-05,347,277,348,18
Delhi,2019-03-06,308,231,321,23
Delhi,2019-03-07,219,166,224,68
Delhi,2019-03-08,221,145,199,83
Delhi,2019-03-09,242,175,214,90
Delhi,2019-03-10,324,251,348,19
Delhi,2019-03-11,331,217,293,41
Delhi,2019-03-12,283,194,266,23
Delhi,2019-03-13,283,185,228,80
Delhi,2019-03-14,256,193,245,31
Delhi,2019-03-15,223,146,186,77
Delhi,2019-03-16,276,200,262,97
Delhi,2019-03-17,235,184,225,61
Delhi,2019-03-18,216,150,186,97
Delhi,2019-03-19,267,194,258,19
Delhi,2019-03-20,317,248,316,56
Delhi,2019-03-21,331,229,276,93
Delhi,2019-03-22,290,199,242,55
Delhi,2019-03-23,302,240,333,45
Delhi,2019-03-24,231,179,240,58
Delhi,2019-03-25,310,217,267,82
Delhi,2019-03-26,239,165,219,45
Delhi,2019-03-27,231,158,200,63
Delhi,2019-03-28,312,220,271,82
Delhi,2019-03-29,310,227,280,64
Delhi,2019-03-30,238,178,241,20
Delhi,2019-03-31,346,230,319,17
Delhi,2019-04-01,187,133,186,99
Delhi,2019-04-02,241,176,214,46
Delhi,2019-04-03,168,122,149,54
Delhi,2019-04-04,156,111,136,19
Delhi,2019-04-05,251,163,216,46
Delhi,2019-04-06,214,153,211,97
Delhi,2019-04-07,158,104,131,74
Delhi,2019-04-08,225,154,209,95
Delhi,2019-04-09,165,130,157,17
Delhi,2019-04-10,205,157,193,96
Delhi,2019-04-11,211,157,192,54
Delhi,2019-04-12,288,206,267,43
Delhi,2019-04-13,220,156,193,68
Delhi,2019-04-14,277,189,242,26
Delhi,2019-04-15,282,214,272,81
Delhi,2019-04-16,174,115,148,26
Delhi,2019-04-17,229,158,193,84
Delhi,2019-04-18,300,199,266,77
Delhi,2019-04-19,216,161,199,31
Delhi,2019-04-20,164,121,166,65
Delhi,2019-04-21,204,137,171,63
Delhi,2019-04-22,283,210,256,62
Delhi,2019-04-23,160,104,130,36
Delhi,2019-04-24,186,127,170,33
Delhi,2019-04-25,172,127,164,65
Delhi,2019-04-26,207,164,207,27
Delhi,2019-04-27,264,183,235,44
Delhi,2019-04-28,187,135,164,80
Delhi,2019-04-29,211,149,196,84
Delhi,2019-04-30,172,131,172,68
Delhi,2019-05-01,186,132,177,37
Delhi,2019-05-02,198,134,161,39
Delhi,2019-05-03,276,191,237,26
Delhi,2019-05-04,196,153,208,81
Delhi,2019-05-05,170,123,162,56
Delhi,2019-05-06,202,155,193,100
Delhi,2019-05-07,170,116,150,29
Delhi,2019-05-08,155,116,148,94
Delhi,2019-05-09,174,114,138,77
Delhi,2019-05-10,242,183,255,94
Delhi,2019-05-11,196,132,183,87
Delhi,2019-05-12,186,134,181,87
Delhi,2019-05-13,198,147,205,42
Delhi,2019-05-14,287,188,244,28
Delhi,2019-05-15,186,136,182,16
Delhi,2019-05-16,172,136,181,70
Delhi,2019-05-17,286,213,257,43
Delhi,2019-05-18,168,124,167,97
Delhi,2019-05-19,292,197,249,21
Delhi,2019-05-20,197,148,200,26
Delhi,2019-05-21,171,129,165,66
Delhi,2019-05-22,255,183,248,70
Delhi,2019-05-23,159,109,150,56
Delhi,2019-05-24,227,166,214,33
Delhi,2019-05-25,282,195,240,33
Delhi,2019-05-26,191,124,157,32
Delhi,2019-05-27,168,118,154,98
Delhi,2019-05-28,162,111,140,65
Delhi,2019-05-29,256,190,234,64
Delhi,2019-05-30,170,128,156,87
Delhi,2019-05-31,234,174,219,17
Delhi,2019-06-01,166,116,143,90
Delhi,2019-06-02,159,117,162,15
Delhi,2019-06-03,234,179,227,59
Delhi,2019-06-04,239,189,259,44
Delhi,2019-06-05,256,178,245,80
Delhi,2019-06-06,206,164,215,78
Delhi,2019-06-07,298,216,271,25
Delhi,2019-06-08,173,123,160,52
Delhi,2019-06-09,271,179,239,60
Delhi,2019-06-10,278,201,247,62
Delhi,2019-06-11,269,176,226,18
Delhi,2019-06-12,279,196,270,92
Delhi,2019-06-13,192,138,193,68
Delhi,2019-06-14,268,207,289,56
Delhi,2019-06-15,174,115,151,18
Delhi,2019-06-16,281,223,281,95
Delhi,2019-06-17,251,181,219,22
Delhi,2019-06-18,182,122,151,19
Delhi,2019-06-19,289,207,259,16
Delhi,2019-06-20,187,124,159,30
Delhi,2019-06-21,259,174,222,73
Delhi,2019-06-22,298,202,272,88
Delhi,2019-06-23,280,221,284,65
Delhi,2019-06-24,169,129,172,39
Delhi,2019-06-25,268,187,253,90
Delhi,2019-06-26,281,198,240,65
Delhi,2019-06-27,175,135,176,20
Delhi,2019-06-28,159,117,161,52
Delhi,2019-06-29,169,126,174,92
Delhi,2019-06-30,209,166,214,51
Delhi,2019-07-01,113,76,101,97
Delhi,2019-07-02,136,106,139,64
Delhi,2019-07-03,79,55,67,42
Delhi,2019-07-04,76,59,74,75
Delhi,2019-07-05,108,73,97,39
Delhi,2019-07-06,87,65,78,20
Delhi,2019-07-07,136,99,133,66
Delhi,2019-07-08,79,58,70,32
Delhi,2019-07-09,100,77,98,28
Delhi,2019-07-10,51,38,51,59
Delhi,2019-07-11,129,86,120,40
Delhi,2019-07-12,86,58,72,22
Delhi,2019-07-13,147,104,145,56
Delhi,2019-07-14,133,101,136,85
Delhi,2019-07-15,52,36,50,82
Delhi,2019-07-16,80,62,75,81
Delhi,2019-07-17,120,83,106,59
Delhi,2019-07-18,119,90,111,42
Delhi,2019-07-19,97,71,98,64
Delhi,2019-07-20,104,76,101,97
Delhi,2019-07-21,52,35,43,25
Delhi,2019-07-22,57,38,47,35
Delhi,2019-07-23,74,54,69,58
Delhi,2019-07-24,144,98,128,61
Delhi,2019-07-25,82,65,80,37
Delhi,2019-07-26,66,49,62,39
Delhi,2019-07-27,111,79,99,70
Delhi,2019-07-28,142,112,135,79
Delhi,2019-07-29,134,88,117,68
Delhi,2019-07-30,107,76,104,59
Delhi,2019-07-31,60,45,56,73
Delhi,2019-08-01,122,86,115,84
Delhi,2019-08-02,117,76,104,17
Delhi,2019-08-03,60,47,57,57
Delhi,2019-08-04,102,68,88,89
Delhi,2019-08-05,75,51,69,33
Delhi,2019-08-06,133,99,136,15
Delhi,2019-08-07,132,99,122,70
Delhi,2019-08-08,68,53,67,43
Delhi,2019-08-09,144,96,131,98
Delhi,2019-08-10,128,87,116,92
Delhi,2019-08-11,123,81,107,62
Delhi,2019-08-12,87,64,83,74
Delhi,2019-08-13,92,64,82,23
Delhi,2019-08-14,73,52,66,57
Delhi,2019-08-15,125,84,114,81
Delhi,2019-08-16,91,67,82,94
Delhi,2019-08-17,73,52,72,99
Delhi,2019-08-18,81,59,79,41
Delhi,2019-08-19,137,98,130,73
Delhi,2019-08-20,59,45,58,55
Delhi,2019-08-21,134,87,105,44
Delhi,2019-08-22,100,67,90,32
Delhi,2019-08-23,132,94,126,38
Delhi,2019-08-24,88,64,88,58
Delhi,2019-08-25,62,45,62,27
Delhi,2019-08-26,133,104,139,74
Delhi,2019-08-27,137,103,143,86
Delhi,2019-08-28,79,59,73,70
Delhi,2019-08-29,125,84,105,30
Delhi,2019-08-30,56,37,51,17
Delhi,2019-08-31,148,112,150,42
Delhi,2019-09-01,118,80,104,18
Delhi,2019-09-02,75,58,78,47
Delhi,2019-09-03,116,81,111,25
Delhi,2019-09-04,82,56,73,67
Delhi,2019-09-05,133,99,136,29
Delhi,2019-09-06,125,93,115,18
Delhi,2019-09-07,139,98,121,99
Delhi,2019-09-08,119,94,120,68
Delhi,2019-09-09,112,78,103,90
Delhi,2019-09-10,86,61,83,22
Delhi,2019-09-11,148,99,119,81
Delhi,2019-09-12,130,97,128,79
Delhi,2019-09-13,123,94,117,45
Delhi,2019-09-14,149,103,142,73
Delhi,2019-09-15,86,68,83,40
Delhi,2019-09-16,50,37,51,84
Delhi,2019-09-17,118,85,115,28
Delhi,2019-09-18,139,108,137,76
Delhi,2019-09-19,65,51,66,55
Delhi,2019-09-20,98,78,96,53
Delhi,2019-09-21,93,66,80,26
Delhi,2019-09-22,71,56,68,17
Delhi,2019-09-23,79,59,80,82
Delhi,2019-09-24,89,69,86,59
Delhi,2019-09-25,71,48,66,76
Delhi,2019-09-26,107,83,110,60
Delhi,2019-09-27,51,37,51,35
Delhi,2019-09-28,108,75,91,38
Delhi,2019-09-29,81,64,82,50
Delhi,2019-09-30,150,119,147,27
Delhi,2019-10-01,315,230,304,36
Delhi,2019-10-02,319,242,329,32
Delhi,2019-10-03,299,203,282,91
Delhi,2019-10-04,348,239,322,45
Delhi,2019-10-05,263,187,228,45
Delhi,2019-10-06,208,145,177,25
Delhi,2019-10-07,292,199,259,78
Delhi,2019-10-08,348,255,313,84
Delhi,2019-10-09,246,183,226,47
Delhi,2019-10-10,336,227,284,67
Delhi,2019-10-11,239,182,220,85
Delhi,2019-10-12,342,246,311,16
Delhi,2019-10-13,279,188,250,75
Delhi,2019-10-14,283,199,270,85
Delhi,2019-10-15,330,261,353,21
Delhi,2019-10-16,318,235,294,68
Delhi,2019-10-17,330,222,277,54
Delhi,2019-10-18,231,170,224,87
Delhi,2019-10-19,300,198,264,85
Delhi,2019-10-20,315,226,293,43
Delhi,2019-10-21,272,199,250,16
Delhi,2019-10-22,206,148,178,48
Delhi,2019-10-23,256,170,223,43
Delhi,2019-10-24,344,236,294,86
Delhi,2019-10-25,233,171,219,35
Delhi,2019-10-26,272,200,256,21
Delhi,2019-10-27,348,257,344,33
Delhi,2019-10-28,259,181,230,16
Delhi,2019-10-29,209,155,206,33
Delhi,2019-10-30,311,245,302,55
Delhi,2019-10-31,288,229,303,26
Delhi,2019-11-01,355,274,331,43
Delhi,2019-11-02,345,254,331,95
Delhi,2019-11-03,448,312,414,32
Delhi,2019-11-04,420,297,413,30
Delhi,2019-11-05,405,270,366,21
Delhi,2019-11-06,410,306,387,39
Delhi,2019-11-07,375,256,350,24
Delhi,2019-11-08,365,251,316,53
Delhi,2019-11-09,402,280,368,47
Delhi,2019-11-10,445,289,376,48
Delhi,2019-11-11,457,331,456,24
Delhi,2019-11-12,446,333,465,87
Delhi,2019-11-13,370,286,354,15
Delhi,2019-11-14,385,255,339,84
Delhi,2019-11-15,370,291,396,93
Delhi,2019-11-16,471,307,423,73
Delhi,2019-11-17,476,312,405,77
Delhi,2019-11-18,349,237,295,83
Delhi,2019-11-19,470,310,401,64
Delhi,2019-11-20,376,250,341,62
Delhi,2019-11-21,398,305,406,60
Delhi,2019-11-22,463,351,427,46
Delhi,2019-11-23,442,334,448,32
Delhi,2019-11-24,447,297,407,53
Delhi,2019-11-25,360,235,328,64
Delhi,2019-11-26,412,324,431,66
Delhi,2019-11-27,392,257,348,75
Delhi,2019-11-28,393,288,361,60
Delhi,2019-11-29,369,251,315,34
Delhi,2019-11-30,457,319,418,69
Delhi,2019-12-01,496,343,445,75
Delhi,2019-12-02,378,276,382,90
Delhi,2019-12-03,325,220,280,66
Delhi,2019-12-04,480,356,430,100
Delhi,2019-12-05,450,317,435,29
Delhi,2019-12-06,482,327,418,94
Delhi,2019-12-07,384,274,375,62
Delhi,2019-12-08,344,227,294,41
Delhi,2019-12-09,303,205,258,75
Delhi,2019-12-10,380,280,369,57
Delhi,2019-12-11,349,255,335,15
Delhi,2019-12-12,433,288,377,78
Delhi,2019-12-13,421,316,421,68
Delhi,2019-12-14,353,245,313,64
Delhi,2019-12-15,310,245,301,50
Delhi,2019-12-16,387,287,383,49
Delhi,2019-12-17,322,233,294,82
Delhi,2019-12-18,434,334,409,23
Delhi,2019-12-19,300,225,314,38
Delhi,2019-12-20,392,262,348,18
Delhi,2019-12-21,441,317,433,35
Delhi,2019-12-22,372,281,338,93
Delhi,2019-12-23,415,293,409,23
Delhi,2019-12-24,360,276,339,57
Delhi,2019-12-25,490,331,414,48
Delhi,2019-12-26,443,314,413,30
Delhi,2019-12-27,495,387,535,18
Delhi,2019-12-28,378,300,367,56
Delhi,2019-12-29,442,326,402,79
Delhi,2019-12-30,403,281,384,21
Delhi,2019-12-31,358,285,383,91
Delhi,2020-01-01,395,279,339,54
Delhi,2020-01-02,365,255,314,26
Delhi,2020-01-03,361,254,330,79
Delhi,2020-01-04,471,324,407,100
Delhi,2020-01-05,354,255,315,57
Delhi,2020-01-06,369,257,353,68
Delhi,2020-01-07,393,287,381,41
Delhi,2020-01-08,429,334,406,87
Delhi,2020-01-09,474,333,435,37
Delhi,2020-01-10,315,247,313,49
Delhi,2020-01-11,395,284,359,86
Delhi,2020-01-12,444,302,394,60
Delhi,2020-01-13,307,211,294,58
Delhi,2020-01-14,372,248,331,79
Delhi,2020-01-15,412,301,390,44
Delhi,2020-01-16,420,317,437,28
Delhi,2020-01-17,342,239,300,31
Delhi,2020-01-18,342,262,329,59
Delhi,2020-01-19,432,339,417,41
Delhi,2020-01-20,331,221,290,48
Delhi,2020-01-21,486,355,486,59
Delhi,2020-01-22,365,249,311,80
Delhi,2020-01-23,343,273,357,66
Delhi,2020-01-24,354,271,375,21
Delhi,2020-01-25,302,207,271,61
Delhi,2020-01-26,355,234,288,30
Delhi,2020-01-27,453,323,397,96
Delhi,2020-01-28,496,385,465,77
Delhi,2020-01-29,500,399,505,15
Delhi,2020-01-30,440,288,395,70
Delhi,2020-01-31,311,247,324,36
Delhi,2020-02-01,296,199,242,84
Delhi,2020-02-02,333,259,312,54
Delhi,2020-02-03,227,159,222,42
Delhi,2020-02-04,350,239,289,22
Delhi,2020-02-05,280,214,278,27
Delhi,2020-02-06,337,268,340,21
Delhi,2020-02-07,314,223,292,63
Delhi,2020-02-08,297,203,248,43
Delhi,2020-02-09,292,206,282,37
Delhi,2020-02-10,325,228,315,69
Delhi,2020-02-11,244,179,249,94
Delhi,2020-02-12,246,180,248,54
Delhi,2020-02-13,308,215,298,96
Delhi,2020-02-14,348,245,332,84
Delhi,2020-02-15,288,212,269,61
Delhi,2020-02-16,234,160,218,20
Delhi,2020-02-17,258,205,253,71
Delhi,2020-02-18,201,145,188,28
Delhi,2020-02-19,286,210,294,65
Delhi,2020-02-20,246,161,210,79
Delhi,2020-02-21,259,203,264,65
Delhi,2020-02-22,215,159,193,29
Delhi,2020-02-23,238,190,234,88
Delhi,2020-02-24,293,218,293,36
Delhi,2020-02-25,315,221,269,66
Delhi,2020-02-26,257,192,234,64
Delhi,2020-02-27,328,260,359,17
Delhi,2020-02-28,307,222,283,99
Delhi,2020-02-29,264,172,208,99
Delhi,2020-03-01,320,252,352,81
Delhi,2020-03-02,319,215,267,83
Delhi,2020-03-03,301,197,238,31
Delhi,2020-03-04,261,196,235,50
Delhi,2020-03-05,202,133,168,38
Delhi,2020-03-06,222,144,199,86
Delhi,2020-03-07,275,209,255,68
Delhi,2020-03-08,287,193,256,57
Delhi,2020-03-09,301,230,294,20
Delhi,2020-03-10,225,152,183,61
Delhi,2020-03-11,307,206,277,44
Delhi,2020-03-12,269,195,248,52
Delhi,2020-03-13,220,149,185,43
Delhi,2020-03-14,336,219,277,59
Delhi,2020-03-15,330,246,329,21
Delhi,2020-03-16,238,172,213,85
Delhi,2020-03-17,233,186,241,65
Delhi,2020-03-18,227,160,193,88
Delhi,2020-03-19,203,156,194,82
Delhi,2020-03-20,240,181,236,41
Delhi,2020-03-21,296,225,279,84
Delhi,2020-03-22,208,158,219,29
Delhi,2020-03-23,336,226,296,87
Delhi,2020-03-24,313,241,298,30
Delhi,2020-03-25,333,245,298,85
Delhi,2020-03-26,324,248,329,83
Delhi,2020-03-27,294,217,264,87
Delhi,2020-03-28,244,170,229,25
Delhi,2020-03-29,241,173,228,46
Delhi,2020-03-30,339,223,286,43
Delhi,2020-03-31,327,219,270,61
Delhi,2020-04-01,214,139,181,33
Delhi,2020-04-02,165,125,154,67
Delhi,2020-04-03,233,163,217,23
Delhi,2020-04-04,270,186,227,38
Delhi,2020-04-05,278,218,266,89
Delhi,2020-04-06,165,118,149,91
Delhi,2020-04-07,291,231,282,81
Delhi,2020-04-08,264,180,224,93
Delhi,2020-04-09,171,131,159,65
Delhi,2020-04-10,223,160,211,87
Delhi,2020-04-11,271,202,249,31
Delhi,2020-04-12,228,160,198,92
Delhi,2020-04-13,205,151,201,47
Delhi,2020-04-14,190,125,168,22
Delhi,2020-04-15,178,139,188,78
Delhi,2020-04-16,213,166,227,77
Delhi,2020-04-17,192,147,202,21
Delhi,2020-04-18,188,141,195,38
Delhi,2020-04-19,257,198,259,16
Delhi,2020-04-20,279,217,271,66
Delhi,2020-04-21,182,138,188,76
Delhi,2020-04-22,159,111,138,83
Delhi,2020-04-23,241,174,219,17
Delhi,2020-04-24,222,159,211,44
Delhi,2020-04-25,184,140,169,15
Delhi,2020-04-26,171,130,179,16
Delhi,2020-04-27,167,133,180,86
Delhi,2020-04-28,235,181,228,27
Delhi,2020-04-29,162,111,137,73
Delhi,2020-04-30,296,220,269,72
Delhi,2020-05-01,172,117,141,87
Delhi,2020-05-02,294,200,270,28
Delhi,2020-05-03,268,214,286,91
Delhi,2020-05-04,266,211,289,26
Delhi,2020-05-05,278,210,264,23
Delhi,2020-05-06,275,215,298,100
Delhi,2020-05-07,199,149,186,48
Delhi,2020-05-08,281,189,250,66
Delhi,2020-05-09,187,134,175,77
Delhi,2020-05-10,294,196,245,83
Delhi,2020-05-11,162,125,154,88
Delhi,2020-05-12,156,117,152,74
Delhi,2020-05-13,172,120,147,19
Delhi,2020-05-14,205,151,198,52
Delhi,2020-05-15,266,185,241,63
Delhi,2020-05-16,174,114,141,51
Delhi,2020-05-17,213,156,216,74
Delhi,2020-05-18,263,200,279,88
Delhi,2020-05-19,203,141,175,71
Delhi,2020-05-20,165,115,158,16
Delhi,2020-05-21,196,134,176,29
Delhi,2020-05-22,158,122,160,23
Delhi,2020-05-23,258,190,260,93
Delhi,2020-05-24,292,223,282,95
Delhi,2020-05-25,205,153,186,67
Delhi,2020-05-26,165,107,129,75
Delhi,2020-05-27,267,213,278,31
Delhi,2020-05-28,159,126,154,64
Delhi,2020-05-29,229,183,237,41
Delhi,2020-05-30,274,181,252,47
Delhi,2020-05-31,256,184,229,65
Delhi,2020-06-01,254,203,282,78
Delhi,2020-06-02,219,145,199,93
Delhi,2020-06-03,178,127,169,54
Delhi,2020-06-04,222,167,220,17
Delhi,2020-06-05,296,198,253,45
Delhi,2020-06-06,206,136,166,82
Delhi,2020-06-07,274,216,263,72
Delhi,2020-06-08,210,157,203,58
Delhi,2020-06-09,273,212,262,42
Delhi,2020-06-10,184,138,183,17
Delhi,2020-06-11,188,144,185,43
Delhi,2020-06-12,178,138,180,68
Delhi,2020-06-13,155,119,156,94
Delhi,2020-06-14,214,164,229,47
Delhi,2020-06-15,150,103,134,86
Delhi,2020-06-16,300,210,269,16
Delhi,2020-06-17,225,155,194,31
Delhi,2020-06-18,192,137,169,85
Delhi,2020-06-19,224,165,201,83
Delhi,2020-06-20,299,203,265,30
Delhi,2020-06-21,255,166,208,20
Delhi,2020-06-22,193,141,189,68
Delhi,2020-06-23,291,196,246,49
Delhi,2020-06-24,157,123,171,59
Delhi,2020-06-25,290,229,305,76
Delhi,2020-06-26,221,158,216,18
Delhi,2020-06-27,208,156,209,24
Delhi,2020-06-28,184,120,146,68
Delhi,2020-06-29,237,170,213,72
Delhi,2020-06-30,268,211,278,24
Delhi,2020-07-01,76,57,73,23
Delhi,2020-07-02,68,54,69,61
Delhi,2020-07-03,131,89,119,77
Delhi,2020-07-04,75,54,67,52
Delhi,2020-07-05,61,44,56,25
Delhi,2020-07-06,120,93,115,92
Delhi,2020-07-07,147,100,120,71
Delhi,2020-07-08,59,43,55,62
Delhi,2020-07-09,102,75,101,94
Delhi,2020-07-10,107,78,108,83
Delhi,2020-07-11,133,100,122,30
Delhi,2020-07-12,141,110,139,38
Delhi,2020-07-13,115,81,97,17
Delhi,2020-07-14,99,67,87,81
Delhi,2020-07-15,134,102,140,66
Delhi,2020-07-16,70,51,63,67
Delhi,2020-07-17,54,42,56,70
Delhi,2020-07-18,128,91,123,71
Delhi,2020-07-19,62,42,56,78
Delhi,2020-07-20,143,110,134,57
Delhi,2020-07-21,136,99,131,45
Delhi,2020-07-22,109,82,108,59
Delhi,2020-07-23,134,94,126,47
Delhi,2020-07-24,74,57,78,80
Delhi,2020-07-25,121,96,133,34
Delhi,2020-07-26,98,76,101,35
Delhi,2020-07-27,117,81,102,29
Delhi,2020-07-28,121,91,112,57
Delhi,2020-07-29,126,89,109,31
Delhi,2020-07-30,62,49,64,85
Delhi,2020-07-31,72,48,62,17
Delhi,2020-08-01,55,39,47,56
Delhi,2020-08-02,139,108,134,77
Delhi,2020-08-03,62,44,57,54
Delhi,2020-08-04,79,63,85,56
Delhi,2020-08-05,147,98,124,29
Delhi,2020-08-06,79,53,65,97
Delhi,2020-08-07,129,92,117,85
Delhi,2020-08-08,137,98,127,19
Delhi,2020-08-09,142,113,142,69
Delhi,2020-08-10,55,40,54,63
Delhi,2020-08-11,51,40,52,70
Delhi,2020-08-12,144,94,114,64
Delhi,2020-08-13,94,66,87,50
Delhi,2020-08-14,123,85,105,43
Delhi,2020-08-15,76,61,74,65
Delhi,2020-08-16,95,65,91,91
Delhi,2020-08-17,68,53,70,50
Delhi,2020-08-18,119,83,105,71
Delhi,2020-08-19,59,46,63,84
Delhi,2020-08-20,106,72,90,54
Delhi,2020-08-21,92,63,83,60
Delhi,2020-08-22,110,82,100,65
Delhi,2020-08-23,114,76,98,46
Delhi,2020-08-24,116,85,107,16
Delhi,2020-08-25,126,100,125,65
Delhi,2020-08-26,148,100,130,95
Delhi,2020-08-27,148,114,142,36
Delhi,2020-08-28,123,83,101,85
Delhi,2020-08-29,88,68,90,55
Delhi,2020-08-30,88,67,85,95
Delhi,2020-08-31,122,90,110,59
Delhi,2020-09-01,102,68,82,60
Delhi,2020-09-02,129,84,115,41
Delhi,2020-09-03,124,89,121,50
Delhi,2020-09-04,64,42,54,95
Delhi,2020-09-05,119,94,130,58
Delhi,2020-09-06,145,106,141,58
Delhi,2020-09-07,79,53,71,76
Delhi,2020-09-08,89,71,99,52
Delhi,2020-09-09,56,37,49,69
Delhi,2020-09-10,103,69,96,63
Delhi,2020-09-11,78,59,72,100
Delhi,2020-09-12,145,103,129,42
Delhi,2020-09-13,64,51,61,36
Delhi,2020-09-14,56,39,47,25
Delhi,2020-09-15,65,43,58,64
Delhi,2020-09-16,123,83,108,58
Delhi,2020-09-17,100,74,93,83
Delhi,2020-09-18,118,79,104,62
Delhi,2020-09-19,97,64,79,47
Delhi,2020-09-20,126,97,135,78
Delhi,2020-09-21,94,66,83,35
Delhi,2020-09-22,86,64,83,48
Delhi,2020-09-23,125,86,113,33
Delhi,2020-09-24,114,83,107,44
Delhi,2020-09-25,66,45,61,23
Delhi,2020-09-26,71,52,69,48
Delhi,2020-09-27,117,88,119,83
Delhi,2020-09-28,68,49,65,24
Delhi,2020-09-29,60,47,63,77
Delhi,2020-09-30,62,41,52,60
Delhi,2020-10-01,224,161,208,36
Delhi,2020-10-02,279,214,275,19
Delhi,2020-10-03,208,149,202,31
Delhi,2020-10-04,215,148,186,73
Delhi,2020-10-05,345,270,334,44
Delhi,2020-10-06,280,217,292,77
Delhi,2020-10-07,296,216,283,74
Delhi,2020-10-08,219,168,219,80
Delhi,2020-10-09,300,226,282,27
Delhi,2020-10-10,331,252,352,36
Delhi,2020-10-11,330,216,282,54
Delhi,2020-10-12,223,147,195,73
Delhi,2020-10-13,340,242,306,85
Delhi,2020-10-14,345,263,368,39
Delhi,2020-10-15,325,224,295,78
Delhi,2020-10-16,346,239,317,55
Delhi,2020-10-17,347,256,340,18
Delhi,2020-10-18,335,227,296,50
Delhi,2020-10-19,219,154,193,53
Delhi,2020-10-20,280,200,267,28
Delhi,2020-10-21,256,176,218,30
Delhi,2020-10-22,302,210,284,91
Delhi,2020-10-23,260,196,248,79
Delhi,2020-10-24,229,180,250,80
Delhi,2020-10-25,350,263,362,53
Delhi,2020-10-26,306,222,283,30
Delhi,2020-10-27,240,180,240,81
Delhi,2020-10-28,291,210,264,95
Delhi,2020-10-29,290,192,258,45
Delhi,2020-10-30,263,178,236,45
Delhi,2020-10-31,258,180,246,71
Delhi,2020-11-01,315,225,290,35
Delhi,2020-11-02,323,232,297,39
Delhi,2020-11-03,327,242,311,63
Delhi,2020-11-04,371,264,330,29
Delhi,2020-11-05,381,267,364,46
Delhi,2020-11-06,467,316,429,73
Delhi,2020-11-07,448,350,454,73
Delhi,2020-11-08,352,249,339,78
Delhi,2020-11-09,378,287,355,31
Delhi,2020-11-10,481,359,437,28
Delhi,2020-11-11,316,241,302,34
Delhi,2020-11-12,456,334,423,73
Delhi,2020-11-13,497,374,470,81
Delhi,2020-11-14,470,351,455,60
Delhi,2020-11-15,377,261,355,81
Delhi,2020-11-16,445,319,391,53
Delhi,2020-11-17,431,303,398,76
Delhi,2020-11-18,425,307,403,100
Delhi,2020-11-19,344,232,316,56
Delhi,2020-11-20,335,236,321,92
Delhi,2020-11-21,480,371,462,27
Delhi,2020-11-22,486,334,409,72
Delhi,2020-11-23,458,355,444,58
Delhi,2020-11-24,493,330,457,69
Delhi,2020-11-25,436,339,458,46
Delhi,2020-11-26,457,318,382,45
Delhi,2020-11-27,333,245,307,86
Delhi,2020-11-28,383,302,417,64
Delhi,2020-11-29,497,326,394,80
Delhi,2020-11-30,476,380,493,50
Delhi,2020-12-01,481,359,445,41
Delhi,2020-12-02,400,272,351,45
Delhi,2020-12-03,311,244,297,68
Delhi,2020-12-04,320,217,273,95
Delhi,2020-12-05,430,329,425,59
Delhi,2020-12-06,479,365,455,96
Delhi,2020-12-07,320,223,311,83
Delhi,2020-12-08,364,269,350,15
Delhi,2020-12-09,306,201,274,62
Delhi,2020-12-10,307,228,298,65
Delhi,2020-12-11,490,370,485,53
Delhi,2020-12-12,331,222,270,40
Delhi,2020-12-13,305,212,272,30
Delhi,2020-12-14,383,289,363,64
Delhi,2020-12-15,440,293,375,49
Delhi,2020-12-16,474,330,422,67
Delhi,2020-12-17,474,373,509,93
Delhi,2020-12-18,451,335,411,39
Delhi,2020-12-19,345,265,349,97
Delhi,2020-12-20,423,335,415,39
Delhi,2020-12-21,327,232,315,70
Delhi,2020-12-22,341,257,322,45
Delhi,2020-12-23,307,206,285,17
Delhi,2020-12-24,383,303,401,26
Delhi,2020-12-25,403,295,400,53
Delhi,2020-12-26,497,335,417,45
Delhi,2020-12-27,319,228,311,78
Delhi,2020-12-28,308,202,253,67
Delhi,2020-12-29,497,347,456,23
Delhi,2020-12-30,467,318,426,48
Delhi,2020-12-31,482,344,423,72
Delhi,2021-01-01,404,318,383,51
Delhi,2021-01-02,366,262,316,90
Delhi,2021-01-03,362,243,324,60
Delhi,2021-01-04,495,345,456,55
Delhi,2021-01-05,313,247,322,42
Delhi,2021-01-06,492,338,430,20
Delhi,2021-01-07,493,333,412,26
Delhi,2021-01-08,322,229,280,57
Delhi,2021-01-09,379,281,393,85
Delhi,2021-01-10,445,340,412,83
Delhi,2021-01-11,388,253,324,63
Delhi,2021-01-12,361,280,360,47
Delhi,2021-01-13,325,242,316,46
Delhi,2021-01-14,450,324,435,45
Delhi,2021-01-15,491,344,420,20
Delhi,2021-01-16,431,302,370,24
Delhi,2021-01-17,323,249,303,89
Delhi,2021-01-18,438,339,436,39
Delhi,2021-01-19,400,274,341,88
Delhi,2021-01-20,378,249,299,78
Delhi,2021-01-21,356,238,308,61
Delhi,2021-01-22,367,239,311,34
Delhi,2021-01-23,410,301,384,43
Delhi,2021-01-24,394,291,389,58
Delhi,2021-01-25,323,238,320,76
Delhi,2021-01-26,473,376,473,26
Delhi,2021-01-27,312,221,306,66
Delhi,2021-01-28,328,217,289,20
Delhi,2021-01-29,346,235,315,29
Delhi,2021-01-30,405,265,359,95
Delhi,2021-01-31,465,344,479,73
Delhi,2021-02-01,232,181,230,68
Delhi,2021-02-02,267,184,245,15
Delhi,2021-02-03,328,255,332,63
Delhi,2021-02-04,274,217,264,76
Delhi,2021-02-05,303,232,301,77
Delhi,2021-02-06,309,223,305,73
Delhi,2021-02-07,304,205,258,21
Delhi,2021-02-08,281,194,236,39
Delhi,2021-02-09,350,237,294,87
Delhi,2021-02-10,200,141,184,83
Delhi,2021-02-11,330,249,309,44
Delhi,2021-02-12,227,169,204,53
Delhi,2021-02-13,260,200,266,91
Delhi,2021-02-14,213,160,220,79
Delhi,2021-02-15,318,224,283,95
Delhi,2021-02-16,282,198,241,47
Delhi,2021-02-17,264,190,245,15
Delhi,2021-02-18,263,192,255,37
Delhi,2021-02-19,338,254,325,48
Delhi,2021-02-20,222,154,205,55
Delhi,2021-02-21,282,216,291,97
Delhi,2021-02-22,274,203,256,94
Delhi,2021-02-23,236,155,209,68
Delhi,2021-02-24,260,180,241,22
Delhi,2021-02-25,342,229,301,70
Delhi,2021-02-26,342,224,288,83
Delhi,2021-02-27,345,248,315,21
Delhi,2021-02-28,226,171,210,43
Delhi,2021-03-01,314,227,317,41
Delhi,2021-03-02,250,177,223,17
Delhi,2021-03-03,238,182,233,28
Delhi,2021-03-04,346,265,359,97
Delhi,2021-03-05,350,245,338,18
Delhi,2021-03-06,274,210,293,48
Delhi,2021-03-07,231,163,205,61
Delhi,2021-03-08,341,253,315,64
Delhi,2021-03-09,329,218,297,89
Delhi,2021-03-10,211,156,218,88
Delhi,2021-03-11,285,201,255,61
Delhi,2021-03-12,311,238,323,71
Delhi,2021-03-13,272,197,259,99
Delhi,2021-03-14,238,172,239,94
Delhi,2021-03-15,253,188,256,82
Delhi,2021-03-16,239,158,210,73
Delhi,2021-03-17,293,209,271,71
Delhi,2021-03-18,278,188,247,31
Delhi,2021-03-19,313,213,283,84
Delhi,2021-03-20,205,156,216,94
Delhi,2021-03-21,333,218,283,41
Delhi,2021-03-22,202,157,196,25
Delhi,2021-03-23,234,169,235,88
Delhi,2021-03-24,262,209,252,55
Delhi,2021-03-25,294,197,258,99
Delhi,2021-03-26,264,195,254,58
Delhi,2021-03-27,266,177,220,71
Delhi,2021-03-28,246,171,234,59
Delhi,2021-03-29,283,217,299,87
Delhi,2021-03-30,228,165,223,41
Delhi,2021-03-31,219,168,228,99
Delhi,2021-04-01,222,166,222,17
Delhi,2021-04-02,299,209,292,64
Delhi,2021-04-03,170,124,153,96
Delhi,2021-04-04,225,177,213,46
Delhi,2021-04-05,279,211,262,84
Delhi,2021-04-06,189,148,179,29
Delhi,2021-04-07,168,118,163,72
Delhi,2021-04-08,225,162,204,16
Delhi,2021-04-09,247,163,206,56
Delhi,2021-04-10,243,164,212,20
Delhi,2021-04-11,218,158,196,34
Delhi,2021-04-12,155,117,154,42
Delhi,2021-04-13,183,121,159,42
Delhi,2021-04-14,212,143,196,76
Delhi,2021-04-15,174,129,166,39
Delhi,2021-04-16,236,185,254,60
Delhi,2021-04-17,221,177,222,38
Delhi,2021-04-18,202,150,195,37
Delhi,2021-04-19,178,123,163,74
Delhi,2021-04-20,236,171,213,97
Delhi,2021-04-21,219,150,185,30
Delhi,2021-04-22,268,214,258,74
Delhi,2021-04-23,284,222,295,21
Delhi,2021-04-24,249,185,250,52
Delhi,2021-04-25,293,232,315,62
Delhi,2021-04-26,261,172,211,29
Delhi,2021-04-27,201,154,201,51
Delhi,2021-04-28,286,186,237,79
Delhi,2021-04-29,273,189,238,41
Delhi,2021-04-30,183,135,181,52
Delhi,2021-05-01,208,137,190,90
Delhi,2021-05-02,150,119,152,49
Delhi,2021-05-03,247,164,209,42
Delhi,2021-05-04,246,171,235,45
Delhi,2021-05-05,171,120,166,32
Delhi,2021-05-06,285,216,276,67
Delhi,2021-05-07,278,218,278,92
Delhi,2021-05-08,278,221,279,39
Delhi,2021-05-09,218,160,222,86
Delhi,2021-05-10,256,178,226,76
Delhi,2021-05-11,207,161,196,89
Delhi,2021-05-12,297,208,255,81
Delhi,2021-05-13,152,114,159,60
Delhi,2021-05-14,211,164,216,98
Delhi,2021-05-15,155,118,145,60
Delhi,2021-05-16,173,136,172,40
Delhi,2021-05-17,223,170,206,77
Delhi,2021-05-18,266,188,259,17
Delhi,2021-05-19,217,157,199,74
Delhi,2021-05-20,244,188,240,22
Delhi,2021-05-21,239,186,234,62
Delhi,2021-05-22,186,130,161,88
Delhi,2021-05-23,270,207,251,59
Delhi,2021-05-24,175,125,162,54
Delhi,2021-05-25,178,125,159,53
Delhi,2021-05-26,230,157,211,82
Delhi,2021-05-27,218,172,233,84
Delhi,2021-05-28,155,107,135,21
Delhi,2021-05-29,202,146,197,16
Delhi,2021-05-30,235,181,229,85
Delhi,2021-05-31,196,137,166,60
Delhi,2021-06-01,233,178,231,44
Delhi,2021-06-02,195,150,181,65
Delhi,2021-06-03,184,140,183,73
Delhi,2021-06-04,244,173,209,46
Delhi,2021-06-05,194,148,202,37
Delhi,2021-06-06,238,188,229,35
Delhi,2021-06-07,267,180,243,74
Delhi,2021-06-08,232,152,196,88
Delhi,2021-06-09,268,210,294,97
Delhi,2021-06-10,223,164,214,55
Delhi,2021-06-11,290,202,271,54
Delhi,2021-06-12,217,162,225,57
Delhi,2021-06-13,206,148,204,67
Delhi,2021-06-14,255,188,241,95
Delhi,2021-06-15,224,174,239,35
Delhi,2021-06-16,205,143,198,48
Delhi,2021-06-17,210,145,201,46
Delhi,2021-06-18,207,144,183,75
Delhi,2021-06-19,168,120,156,50
Delhi,2021-06-20,208,165,203,15
Delhi,2021-06-21,170,136,189,43
Delhi,2021-06-22,171,130,157,60
Delhi,2021-06-23,214,160,201,59
Delhi,2021-06-24,262,194,246,95
Delhi,2021-06-25,244,175,233,28
Delhi,2021-06-26,183,138,188,99
Delhi,2021-06-27,207,144,201,39
Delhi,2021-06-28,274,193,237,49
Delhi,2021-06-29,177,119,149,90
Delhi,2021-06-30,247,175,219,24
Delhi,2021-07-01,71,51,61,25
Delhi,2021-07-02,107,74,92,60
Delhi,2021-07-03,80,63,81,23
Delhi,2021-07-04,138,106,129,51
Delhi,2021-07-05,88,60,74,29
Delhi,2021-07-06,117,80,99,37
Delhi,2021-07-07,61,40,53,23
Delhi,2021-07-08,100,70,98,30
Delhi,2021-07-09,121,90,108,44
Delhi,2021-07-10,58,43,57,35
Delhi,2021-07-11,51,41,49,45
Delhi,2021-07-12,61,43,57,94
Delhi,2021-07-13,99,66,83,33
Delhi,2021-07-14,51,40,54,33
Delhi,2021-07-15,89,64,78,36
Delhi,2021-07-16,67,47,60,72
Delhi,2021-07-17,123,87,106,43
Delhi,2021-07-18,107,78,100,61
Delhi,2021-07-19,130,96,133,97
Delhi,2021-07-20,96,71,86,66
Delhi,2021-07-21,109,77,100,88
Delhi,2021-07-22,127,96,123,76
Delhi,2021-07-23,119,93,112,18
Delhi,2021-07-24,55,40,48,27
Delhi,2021-07-25,118,87,117,64
Delhi,2021-07-26,100,73,89,88
Delhi,2021-07-27,139,104,133,19
Delhi,2021-07-28,128,101,137,32
Delhi,2021-07-29,112,87,117,99
Delhi,2021-07-30,149,114,154,56
Delhi,2021-07-31,135,105,134,21
Delhi,2021-08-01,123,94,124,60
Delhi,2021-08-02,113,80,100,88
Delhi,2021-08-03,142,100,133,83
Delhi,2021-08-04,87,60,78,44
Delhi,2021-08-05,140,97,120,49
Delhi,2021-08-06,53,39,52,70
Delhi,2021-08-07,71,54,74,81
Delhi,2021-08-08,52,36,47,84
Delhi,2021-08-09,145,102,127,66
Delhi,2021-08-10,147,107,132,86
Delhi,2021-08-11,79,55,72,33
Delhi,2021-08-12,113,75,104,82
Delhi,2021-08-13,116,87,114,44
Delhi,2021-08-14,101,66,91,67
Delhi,2021-08-15,82,58,71,27
Delhi,2021-08-16,86,65,79,28
Delhi,2021-08-17,141,107,141,98
Delhi,2021-08-18,83,63,84,93
Delhi,2021-08-19,78,60,79,35
Delhi,2021-08-20,54,41,53,95
Delhi,2021-08-21,128,96,129,28
Delhi,2021-08-22,97,67,87,74
Delhi,2021-08-23,138,109,134,91
Delhi,2021-08-24,72,47,58,76
Delhi,2021-08-25,101,80,100,20
Delhi,2021-08-26,77,61,81,23
Delhi,2021-08-27,107,74,99,92
Delhi,2021-08-28,84,57,69,36
Delhi,2021-08-29,56,42,56,70
Delhi,2021-08-30,63,43,55,42
Delhi,2021-08-31,141,93,115,27
Delhi,2021-09-01,53,39,53,96
Delhi,2021-09-02,127,94,121,71
Delhi,2021-09-03,125,84,113,51
Delhi,2021-09-04,106,80,107,75
Delhi,2021-09-05,66,44,60,35
Delhi,2021-09-06,52,39,51,24
Delhi,2021-09-07,130,99,129,54
Delhi,2021-09-08,76,51,68,80
Delhi,2021-09-09,117,78,105,41
Delhi,2021-09-10,150,111,141,73
Delhi,2021-09-11,89,65,83,79
Delhi,2021-09-12,130,89,121,98
Delhi,2021-09-13,141,102,124,81
Delhi,2021-09-14,76,57,79,79
Delhi,2021-09-15,85,62,77,63
Delhi,2021-09-16,57,43,52,70
Delhi,2021-09-17,133,106,142,89
Delhi,2021-09-18,117,80,110,91
Delhi,2021-09-19,112,85,109,95
Delhi,2021-09-20,56,43,59,78
Delhi,2021-09-21,144,110,150,74
Delhi,2021-09-22,105,81,113,79
Delhi,2021-09-23,116,93,127,64
Delhi,2021-09-24,138,96,130,94
Delhi,2021-09-25,87,59,78,83
Delhi,2021-09-26,81,58,76,50
Delhi,2021-09-27,101,69,91,99
Delhi,2021-09-28,126,99,125,75
Delhi,2021-09-29,61,42,52,71
Delhi,2021-09-30,77,61,74,77
Delhi,2021-10-01,279,194,247,65
Delhi,2021-10-02,224,161,214,50
Delhi,2021-10-03,339,253,351,46
Delhi,2021-10-04,207,138,180,65
Delhi,2021-10-05,212,146,195,37
Delhi,2021-10-06,330,253,340,80
Delhi,2021-10-07,234,164,214,18
Delhi,2021-10-08,321,251,333,87
Delhi,2021-10-09,338,255,324,16
Delhi,2021-10-10,237,175,235,91
Delhi,2021-10-11,349,278,369,21
Delhi,2021-10-12,230,159,209,17
Delhi,2021-10-13,258,202,263,58
Delhi,2021-10-14,299,214,271,49
Delhi,2021-10-15,215,156,198,16
Delhi,2021-10-16,250,173,209,50
Delhi,2021-10-17,226,168,213,24
Delhi,2021-10-18,203,154,213,37
Delhi,2021-10-19,238,156,205,62
Delhi,2021-10-20,219,168,203,22
Delhi,2021-10-21,319,227,294,67
Delhi,2021-10-22,216,144,188,84
Delhi,2021-10-23,320,242,326,33
Delhi,2021-10-24,256,188,228,83
Delhi,2021-10-25,302,200,245,55
Delhi,2021-10-26,270,177,221,96
Delhi,2021-10-27,233,164,204,98
Delhi,2021-10-28,341,269,342,79
Delhi,2021-10-29,300,229,316,90
Delhi,2021-10-30,304,199,264,99
Delhi,2021-10-31,240,170,210,18
Delhi,2021-11-01,381,291,367,84
Delhi,2021-11-02,432,317,423,24
Delhi,2021-11-03,379,285,393,42
Delhi,2021-11-04,405,302,420,73
Delhi,2021-11-05,387,297,372,41
Delhi,2021-11-06,406,308,385,49
Delhi,2021-11-07,363,242,335,48
Delhi,2021-11-08,374,278,389,84
Delhi,2021-11-09,496,385,474,100
Delhi,2021-11-10,332,248,314,19
Delhi,2021-11-11,352,271,329,45
Delhi,2021-11-12,411,282,384,21
Delhi,2021-11-13,323,257,344,55
Delhi,2021-11-14,453,313,402,34
Delhi,2021-11-15,397,277,366,54
Delhi,2021-11-16,374,264,348,57
Delhi,2021-11-17,475,313,433,68
Delhi,2021-11-18,374,270,330,79
Delhi,2021-11-19,308,245,335,98
Delhi,2021-11-20,327,258,311,60
Delhi,2021-11-21,435,289,373,32
Delhi,2021-11-22,319,226,297,100
Delhi,2021-11-23,374,286,366,55
Delhi,2021-11-24,338,265,328,24
Delhi,2021-11-25,491,378,487,34
Delhi,2021-11-26,468,312,406,25
Delhi,2021-11-27,465,305,418,47
Delhi,2021-11-28,304,222,268,72
Delhi,2021-11-29,332,250,318,48
Delhi,2021-11-30,340,239,329,80
Delhi,2021-12-01,349,239,330,74
Delhi,2021-12-02,436,330,461,59
Delhi,2021-12-03,409,298,380,34
Delhi,2021-12-04,325,217,274,61
Delhi,2021-12-05,480,347,436,76
Delhi,2021-12-06,467,305,406,44
Delhi,2021-12-07,307,220,296,23
Delhi,2021-12-08,457,356,459,29
Delhi,2021-12-09,304,207,281,66
Delhi,2021-12-10,365,286,365,61
Delhi,2021-12-11,334,262,338,45
Delhi,2021-12-12,420,315,423,74
Delhi,2021-12-13,428,325,398,77
Delhi,2021-12-14,422,295,365,36
Delhi,2021-12-15,460,351,430,95
Delhi,2021-12-16,330,225,271,25
Delhi,2021-12-17,311,203,249,56
Delhi,2021-12-18,304,242,317,45
Delhi,2021-12-19,349,249,339,47
Delhi,2021-12-20,417,285,393,31
Delhi,2021-12-21,338,242,302,64
Delhi,2021-12-22,356,257,359,28
Delhi,2021-12-23,451,338,463,29
Delhi,2021-12-24,456,347,435,61
Delhi,2021-12-25,430,311,378,46
Delhi,2021-12-26,493,381,517,73
Delhi,2021-12-27,343,268,364,50
Delhi,2021-12-28,390,283,388,16
Delhi,2021-12-29,365,266,368,95
Delhi,2021-12-30,391,296,389,53
Delhi,2021-12-31,357,273,359,72
Delhi,2022-01-01,372,261,350,63
Delhi,2022-01-02,337,250,338,25
Delhi,2022-01-03,467,363,456,65
Delhi,2022-01-04,425,322,416,91
Delhi,2022-01-05,350,235,283,70
Delhi,2022-01-06,306,231,322,49
Delhi,2022-01-07,407,297,384,61
Delhi,2022-01-08,412,312,388,42
Delhi,2022-01-09,350,270,330,89
Delhi,2022-01-10,363,272,352,33
Delhi,2022-01-11,472,337,420,52
Delhi,2022-01-12,417,291,357,45
Delhi,2022-01-13,414,324,409,96
Delhi,2022-01-14,482,385,505,70
Delhi,2022-01-15,426,339,468,55
Delhi,2022-01-16,378,300,363,89
Delhi,2022-01-17,500,332,437,78
Delhi,2022-01-18,451,358,482,63
Delhi,2022-01-19,390,272,363,32
Delhi,2022-01-20,434,322,407,22
Delhi,2022-01-21,449,305,413,98
Delhi,2022-01-22,316,214,261,54
Delhi,2022-01-23,437,318,406,44
Delhi,2022-01-24,484,368,485,58
Delhi,2022-01-25,312,249,344,22
Delhi,2022-01-26,403,267,336,97
Delhi,2022-01-27,420,283,346,60
Delhi,2022-01-28,312,209,252,89
Delhi,2022-01-29,361,273,369,71
Delhi,2022-01-30,439,289,399,22
Delhi,2022-01-31,433,327,407,39
Delhi,2022-02-01,257,201,246,52
Delhi,2022-02-02,269,177,243,74
Delhi,2022-02-03,275,209,269,71
Delhi,2022-02-04,313,216,298,75
Delhi,2022-02-05,238,180,230,16
Delhi,2022-02-06,332,237,317,36
Delhi,2022-02-07,272,195,239,34
Delhi,2022-02-08,278,204,248,43
Delhi,2022-02-09,310,218,286,50
Delhi,2022-02-10,289,194,259,66
Delhi,2022-02-11,321,215,289,96
Delhi,2022-02-12,238,155,187,66
Delhi,2022-02-13,265,182,230,46
Delhi,2022-02-14,315,238,299,95
Delhi,2022-02-15,268,208,270,98
Delhi,2022-02-16,346,232,318,91
Delhi,2022-02-17,322,226,301,27
Delhi,2022-02-18,226,172,208,95
Delhi,2022-02-19,240,182,245,65
Delhi,2022-02-20,337,252,324,15
Delhi,2022-02-21,256,195,245,76
Delhi,2022-02-22,293,196,272,59
Delhi,2022-02-23,223,177,248,81
Delhi,2022-02-24,264,180,225,67
Delhi,2022-02-25,215,164,228,83
Delhi,2022-02-26,244,193,252,29
Delhi,2022-02-27,228,166,212,78
Delhi,2022-02-28,289,205,258,50
Delhi,2022-03-01,287,214,272,50
Delhi,2022-03-02,247,180,250,55
Delhi,2022-03-03,274,200,270,93
Delhi,2022-03-04,342,249,346,71
Delhi,2022-03-05,242,193,261,38
Delhi,2022-03-06,237,159,197,73
Delhi,2022-03-07,336,232,288,46
Delhi,2022-03-08,346,227,314,66
Delhi,2022-03-09,251,180,233,34
Delhi,2022-03-10,275,204,267,62
Delhi,2022-03-11,229,157,201,60
Delhi,2022-03-12,304,224,288,96
Delhi,2022-03-13,346,226,306,63
Delhi,2022-03-14,222,151,190,45
Delhi,2022-03-15,277,187,235,73
Delhi,2022-03-16,228,168,225,69
Delhi,2022-03-17,279,203,265,94
Delhi,2022-03-18,344,252,337,70
Delhi,2022-03-19,226,171,220,19
Delhi,2022-03-20,222,146,179,46
Delhi,2022-03-21,233,158,217,15
Delhi,2022-03-22,289,196,268,43
Delhi,2022-03-23,260,189,239,43
Delhi,2022-03-24,289,227,274,60
Delhi,2022-03-25,249,197,240,94
Delhi,2022-03-26,299,228,301,17
Delhi,2022-03-27,215,166,203,22
Delhi,2022-03-28,226,166,222,53
Delhi,2022-03-29,340,230,316,87
Delhi,2022-03-30,270,192,250,39
Delhi,2022-03-31,269,212,260,75
Delhi,2022-04-01,221,175,218,31
Delhi,2022-04-02,191,129,168,39
Delhi,2022-04-03,259,190,260,82
Delhi,2022-04-04,197,141,195,42
Delhi,2022-04-05,278,188,227,92
Delhi,2022-04-06,253,195,256,40
Delhi,2022-04-07,192,126,163,47
Delhi,2022-04-08,289,201,271,62
Delhi,2022-04-09,253,176,219,18
Delhi,2022-04-10,195,128,168,42
Delhi,2022-04-11,245,177,246,85
Delhi,2022-04-12,189,146,177,78
Delhi,2022-04-13,275,208,268,76
Delhi,2022-04-14,187,122,170,50
Delhi,2022-04-15,157,106,127,87
Delhi,2022-04-16,287,229,301,23
Delhi,2022-04-17,271,196,245,29
Delhi,2022-04-18,153,109,138,44
Delhi,2022-04-19,167,128,159,75
Delhi,2022-04-20,161,108,132,49
Delhi,2022-04-21,277,202,279,75
Delhi,2022-04-22,182,126,153,88
Delhi,2022-04-23,209,156,216,53
Delhi,2022-04-24,228,158,201,33
Delhi,2022-04-25,166,114,139,56
Delhi,2022-04-26,180,143,187,38
Delhi,2022-04-27,280,221,303,37
Delhi,2022-04-28,176,137,168,96
Delhi,2022-04-29,165,112,142,21
Delhi,2022-04-30,298,233,308,36
Delhi,2022-05-01,281,202,264,76
Delhi,2022-05-02,220,152,195,70
Delhi,2022-05-03,180,120,159,59
Delhi,2022-05-04,235,169,208,79
Delhi,2022-05-05,299,235,298,73
Delhi,2022-05-06,264,210,279,73
Delhi,2022-05-07,286,192,247,38
Delhi,2022-05-08,300,207,282,87
Delhi,2022-05-09,170,118,145,88
Delhi,2022-05-10,196,142,196,57
Delhi,2022-05-11,290,218,281,43
Delhi,2022-05-12,275,198,256,97
Delhi,2022-05-13,225,178,243,99
Delhi,2022-05-14,177,140,186,92
Delhi,2022-05-15,281,183,230,96
Delhi,2022-05-16,240,164,211,95
Delhi,2022-05-17,294,211,275,43
Delhi,2022-05-18,245,166,208,18
Delhi,2022-05-19,191,140,180,58
Delhi,2022-05-20,229,169,206,96
Delhi,2022-05-21,186,133,178,47
Delhi,2022-05-22,288,223,282,44
Delhi,2022-05-23,248,174,221,29
Delhi,2022-05-24,246,192,261,83
Delhi,2022-05-25,281,194,265,60
Delhi,2022-05-26,224,173,223,31
Delhi,2022-05-27,185,144,194,16
Delhi,2022-05-28,249,187,248,78
Delhi,2022-05-29,160,116,152,79
Delhi,2022-05-30,248,166,206,33
Delhi,2022-05-31,197,150,210,93
Delhi,2022-06-01,273,194,239,74
Delhi,2022-06-02,227,152,186,18
Delhi,2022-06-03,234,176,217,44
Delhi,2022-06-04,176,126,153,69
Delhi,2022-06-05,227,173,220,34
Delhi,2022-06-06,228,162,198,60
Delhi,2022-06-07,189,143,179,19
Delhi,2022-06-08,244,161,219,65
Delhi,2022-06-09,276,186,258,31
Delhi,2022-06-10,240,177,246,69
Delhi,2022-06-11,240,180,228,63
Delhi,2022-06-12,205,144,177,19
Delhi,2022-06-13,238,171,216,69
Delhi,2022-06-14,183,123,170,39
Delhi,2022-06-15,158,106,133,78
Delhi,2022-06-16,197,149,207,85
Delhi,2022-06-17,204,143,174,38
Delhi,2022-06-18,228,159,212,30
Delhi,2022-06-19,215,152,183,58
Delhi,2022-06-20,163,127,166,54
Delhi,2022-06-21,243,173,240,65
Delhi,2022-06-22,235,172,225,75
Delhi,2022-06-23,251,198,257,96
Delhi,2022-06-24,163,125,175,49
Delhi,2022-06-25,260,200,267,54
Delhi,2022-06-26,297,234,286,44
Delhi,2022-06-27,188,131,169,56
Delhi,2022-06-28,223,158,210,96
Delhi,2022-06-29,270,205,249,22
Delhi,2022-06-30,167,114,142,59
Delhi,2022-07-01,116,89,121,91
Delhi,2022-07-02,125,83,109,49
Delhi,2022-07-03,83,66,81,37
Delhi,2022-07-04,149,119,159,17
Delhi,2022-07-05,127,95,115,23
Delhi,2022-07-06,138,95,119,65
Delhi,2022-07-07,98,66,84,46
Delhi,2022-07-08,118,91,116,16
Delhi,2022-07-09,66,46,62,56
Delhi,2022-07-10,148,116,156,36
Delhi,2022-07-11,122,91,126,86
Delhi,2022-07-12,50,36,49,48
Delhi,2022-07-13,54,39,48,27
Delhi,2022-07-14,54,42,53,66
Delhi,2022-07-15,137,108,144,81
Delhi,2022-07-16,57,43,59,98
Delhi,2022-07-17,138,102,134,79
Delhi,2022-07-18,150,104,132,84
Delhi,2022-07-19,126,82,112,65
Delhi,2022-07-20,123,81,110,23
Delhi,2022-07-21,74,50,65,56
Delhi,2022-07-22,142,93,116,18
Delhi,2022-07-23,89,65,86,73
Delhi,2022-07-24,147,113,139,93
Delhi,2022-07-25,53,40,56,94
Delhi,2022-07-26,134,94,118,70
Delhi,2022-07-27,144,100,126,23
Delhi,2022-07-28,136,100,127,19
Delhi,2022-07-29,126,100,123,16
Delhi,2022-07-30,104,68,89,19
Delhi,2022-07-31,102,68,85,82
Delhi,2022-08-01,87,62,76,56
Delhi,2022-08-02,118,78,106,42
Delhi,2022-08-03,63,49,65,36
Delhi,2022-08-04,132,88,111,28
Delhi,2022-08-05,85,66,82,38
Delhi,2022-08-06,127,98,127,83
Delhi,2022-08-07,62,49,60,89
Delhi,2022-08-08,67,44,58,23
Delhi,2022-08-09,83,55,68,23
Delhi,2022-08-10,130,90,121,16
Delhi,2022-08-11,61,47,57,27
Delhi,2022-08-12,64,48,58,37
Delhi,2022-08-13,92,69,94,54
Delhi,2022-08-14,50,39,53,19
Delhi,2022-08-15,94,75,90,89
Delhi,2022-08-16,74,58,78,32
Delhi,2022-08-17,119,82,107,25
Delhi,2022-08-18,57,40,49,23
Delhi,2022-08-19,149,114,138,54
Delhi,2022-08-20,98,73,93,90
Delhi,2022-08-21,135,89,121,70
Delhi,2022-08-22,120,91,111,94
Delhi,2022-08-23,143,100,126,24
Delhi,2022-08-24,58,43,53,84
Delhi,2022-08-25,50,33,44,67
Delhi,2022-08-26,95,72,92,65
Delhi,2022-08-27,78,60,84,54
Delhi,2022-08-28,73,54,67,19
Delhi,2022-08-29,146,112,149,84
Delhi,2022-08-30,131,86,107,43
Delhi,2022-08-31,115,81,100,85
Delhi,2022-09-01,87,57,80,24
Delhi,2022-09-02,66,48,61,16
Delhi,2022-09-03,57,40,50,75
Delhi,2022-09-04,126,92,119,62
Delhi,2022-09-05,56,39,48,88
Delhi,2022-09-06,91,66,83,93
Delhi,2022-09-07,136,93,112,52
Delhi,2022-09-08,80,54,72,94
Delhi,2022-09-09,150,108,134,24
Delhi,2022-09-10,149,106,135,20
Delhi,2022-09-11,109,71,99,34
Delhi,2022-09-12,91,70,95,92
Delhi,2022-09-13,126,85,110,86
Delhi,2022-09-14,59,42,54,19
Delhi,2022-09-15,112,86,113,74
Delhi,2022-09-16,53,39,50,24
Delhi,2022-09-17,148,115,159,93
Delhi,2022-09-18,122,96,122,87
Delhi,2022-09-19,125,88,119,58
Delhi,2022-09-20,69,47,58,19
Delhi,2022-09-21,88,68,84,85
Delhi,2022-09-22,108,81,108,21
Delhi,2022-09-23,82,59,74,98
Delhi,2022-09-24,120,94,129,16
Delhi,2022-09-25,131,103,135,62
Delhi,2022-09-26,146,99,124,48
Delhi,2022-09-27,96,77,106,22
Delhi,2022-09-28,97,69,94,42
Delhi,2022-09-29,106,76,94,38
Delhi,2022-09-30,120,86,119,60
Delhi,2022-10-01,242,187,234,58
Delhi,2022-10-02,311,221,299,32
Delhi,2022-10-03,244,169,222,47
Delhi,2022-10-04,297,228,283,27
Delhi,2022-10-05,308,212,255,56
Delhi,2022-10-06,274,213,267,96
Delhi,2022-10-07,328,229,291,86
Delhi,2022-10-08,284,187,241,31
Delhi,2022-10-09,222,147,200,25
Delhi,2022-10-10,246,162,226,60
Delhi,2022-10-11,260,173,240,27
Delhi,2022-10-12,202,153,212,99
Delhi,2022-10-13,250,192,262,79
Delhi,2022-10-14,258,203,274,65
Delhi,2022-10-15,340,240,310,37
Delhi,2022-10-16,270,208,273,63
Delhi,2022-10-17,322,229,315,55
Delhi,2022-10-18,337,262,343,93
Delhi,2022-10-19,291,232,301,26
Delhi,2022-10-20,316,250,304,58
Delhi,2022-10-21,234,154,193,75
Delhi,2022-10-22,225,167,212,33
Delhi,2022-10-23,330,255,312,93
Delhi,2022-10-24,226,158,215,42
Delhi,2022-10-25,239,177,235,94
Delhi,2022-10-26,308,235,314,88
Delhi,2022-10-27,321,216,291,65
Delhi,2022-10-28,221,176,219,44
Delhi,2022-10-29,259,183,229,81
Delhi,2022-10-30,309,214,285,19
Delhi,2022-10-31,330,252,314,91
Delhi,2022-11-01,339,224,297,96
Delhi,2022-11-02,347,273,337,59
Delhi,2022-11-03,313,217,284,58
Delhi,2022-11-04,494,365,506,86
Delhi,2022-11-05,357,250,326,87
Delhi,2022-11-06,344,248,326,74
Delhi,2022-11-07,403,267,369,54
Delhi,2022-11-08,489,364,463,71
Delhi,2022-11-09,404,275,339,73
Delhi,2022-11-10,425,339,426,78
Delhi,2022-11-11,467,311,417,22
Delhi,2022-11-12,396,300,364,48
Delhi,2022-11-13,306,200,244,88
Delhi,2022-11-14,313,205,252,30
Delhi,2022-11-15,483,338,422,47
Delhi,2022-11-16,303,216,267,74
Delhi,2022-11-17,395,264,343,51
Delhi,2022-11-18,410,309,417,97
Delhi,2022-11-19,307,236,289,37
Delhi,2022-11-20,346,259,324,81
Delhi,2022-11-21,452,344,472,91
Delhi,2022-11-22,490,390,531,38
Delhi,2022-11-23,325,232,315,69
Delhi,2022-11-24,398,314,392,83
Delhi,2022-11-25,314,250,309,79
Delhi,2022-11-26,307,221,279,26
Delhi,2022-11-27,386,257,311,35
Delhi,2022-11-28,468,347,430,33
Delhi,2022-11-29,373,256,346,96
Delhi,2022-11-30,392,294,380,96
Delhi,2022-12-01,422,320,389,49
Delhi,2022-12-02,339,221,291,22
Delhi,2022-12-03,410,303,375,32
Delhi,2022-12-04,480,369,459,25
Delhi,2022-12-05,494,376,512,17
Delhi,2022-12-06,423,335,404,89
Delhi,2022-12-07,389,286,371,64
Delhi,2022-12-08,485,361,483,98
Delhi,2022-12-09,345,235,308,74
Delhi,2022-12-10,319,218,278,76
Delhi,2022-12-11,432,338,438,66
Delhi,2022-12-12,475,378,521,74
Delhi,2022-12-13,387,293,370,19
Delhi,2022-12-14,303,200,246,73
Delhi,2022-12-15,433,285,365,74
Delhi,2022-12-16,462,315,431,84
Delhi,2022-12-17,498,363,471,69
Delhi,2022-12-18,443,341,467,52
Delhi,2022-12-19,398,311,421,83
Delhi,2022-12-20,387,296,358,56
Delhi,2022-12-21,384,258,319,45
Delhi,2022-12-22,384,271,354,34
Delhi,2022-12-23,369,277,370,28
Delhi,2022-12-24,467,360,482,39
Delhi,2022-12-25,415,301,364,62
Delhi,2022-12-26,341,247,314,44
Delhi,2022-12-27,398,296,380,53
Delhi,2022-12-28,353,261,321,33
Delhi,2022-12-29,491,375,487,62
Delhi,2022-12-30,500,337,445,20
Delhi,2022-12-31,467,352,437,88
Delhi,2023-01-01,369,262,354,25
Delhi,2023-01-02,487,322,446,48
Delhi,2023-01-03,396,270,342,71
Delhi,2023-01-04,499,341,465,25
Delhi,2023-01-05,381,270,330,92
Delhi,2023-01-06,447,353,474,90
Delhi,2023-01-07,407,304,401,30
Delhi,2023-01-08,350,247,310,37
Delhi,2023-01-09,376,258,317,55
Delhi,2023-01-10,489,325,421,37
Delhi,2023-01-11,383,260,349,39
Delhi,2023-01-12,301,219,284,42
Delhi,2023-01-13,463,352,432,62
Delhi,2023-01-14,472,357,468,72
Delhi,2023-01-15,473,340,443,82
Delhi,2023-01-16,345,234,309,75
Delhi,2023-01-17,397,282,363,85
Delhi,2023-01-18,482,359,466,34
Delhi,2023-01-19,428,330,420,55
Delhi,2023-01-20,394,307,424,82
Delhi,2023-01-21,356,258,348,85
Delhi,2023-01-22,360,271,342,46
Delhi,2023-01-23,355,271,332,38
Delhi,2023-01-24,391,277,375,66
Delhi,2023-01-25,407,285,368,33
Delhi,2023-01-26,331,262,328,85
Delhi,2023-01-27,416,299,398,78
Delhi,2023-01-28,354,276,337,96
Delhi,2023-01-29,309,241,318,67
Delhi,2023-01-30,452,350,489,24
Delhi,2023-01-31,396,268,374,24
Delhi,2023-02-01,241,170,214,46
Delhi,2023-02-02,329,229,282,70
Delhi,2023-02-03,224,149,200,99
Delhi,2023-02-04,208,139,180,47
Delhi,2023-02-05,241,175,219,48
Delhi,2023-02-06,319,229,289,34
Delhi,2023-02-07,340,228,284,42
Delhi,2023-02-08,304,230,290,17
Delhi,2023-02-09,304,237,308,39
Delhi,2023-02-10,252,176,223,89
Delhi,2023-02-11,322,249,301,67
Delhi,2023-02-12,203,137,182,44
Delhi,2023-02-13,313,226,302,84
Delhi,2023-02-14,278,217,299,40
Delhi,2023-02-15,344,270,339,32
Delhi,2023-02-16,338,227,308,62
Delhi,2023-02-17,313,242,338,94
Delhi,2023-02-18,290,197,248,16
Delhi,2023-02-19,235,178,241,63
Delhi,2023-02-20,252,183,237,84
Delhi,2023-02-21,262,208,255,43
Delhi,2023-02-22,276,214,259,82
Delhi,2023-02-23,296,202,254,35
Delhi,2023-02-24,314,243,322,45
Delhi,2023-02-25,202,135,189,40
Delhi,2023-02-26,280,189,228,96
Delhi,2023-02-27,257,179,247,64
Delhi,2023-02-28,308,221,309,52
Delhi,2023-03-01,249,193,256,49
Delhi,2023-03-02,243,188,230,42
Delhi,2023-03-03,341,231,320,55
Delhi,2023-03-04,321,225,288,43
Delhi,2023-03-05,312,241,319,74
Delhi,2023-03-06,269,189,261,17
Delhi,2023-03-07,349,239,292,24
Delhi,2023-03-08,331,217,272,17
Delhi,2023-03-09,318,213,262,83
Delhi,2023-03-10,260,201,274,75
Delhi,2023-03-11,304,201,273,78
Delhi,2023-03-12,280,186,251,32
Delhi,2023-03-13,237,174,241,79
Delhi,2023-03-14,333,233,299,57
Delhi,2023-03-15,220,151,208,56
Delhi,2023-03-16,237,179,216,70
Delhi,2023-03-17,298,223,273,34
Delhi,2023-03-18,342,249,300,79
Delhi,2023-03-19,246,190,266,39
Delhi,2023-03-20,295,206,265,79
Delhi,2023-03-21,319,210,281,80
Delhi,2023-03-22,266,204,268,42
Delhi,2023-03-23,250,199,275,35
Delhi,2023-03-24,303,232,304,90
Delhi,2023-03-25,280,209,255,94
Delhi,2023-03-26,218,171,233,95
Delhi,2023-03-27,288,211,283,24
Delhi,2023-03-28,231,151,186,72
Delhi,2023-03-29,209,151,203,44
Delhi,2023-03-30,206,149,187,64
Delhi,2023-03-31,205,143,188,99
Delhi,2023-04-01,224,170,211,38
Delhi,2023-04-02,236,170,214,67
Delhi,2023-04-03,270,178,243,83
Delhi,2023-04-04,179,117,147,87
Delhi,2023-04-05,185,127,170,90
Delhi,2023-04-06,271,213,290,59
Delhi,2023-04-07,216,153,210,84
Delhi,2023-04-08,194,127,156,86
Delhi,2023-04-09,205,141,187,21
Delhi,2023-04-10,210,157,208,94
Delhi,2023-04-11,255,172,224,38
Delhi,2023-04-12,256,182,234,66
Delhi,2023-04-13,172,129,174,76
Delhi,2023-04-14,262,181,251,65
Delhi,2023-04-15,190,136,175,36
Delhi,2023-04-16,203,133,170,95
Delhi,2023-04-17,189,131,167,80
Delhi,2023-04-18,255,172,220,47
Delhi,2023-04-19,252,199,259,23
Delhi,2023-04-20,213,168,218,24
Delhi,2023-04-21,223,149,194,26
Delhi,2023-04-22,182,132,175,27
Delhi,2023-04-23,240,187,231,63
Delhi,2023-04-24,204,158,202,81
Delhi,2023-04-25,181,123,162,68
Delhi,2023-04-26,243,188,236,72
Delhi,2023-04-27,212,166,216,30
Delhi,2023-04-28,283,225,281,43
Delhi,2023-04-29,194,141,196,63
Delhi,2023-04-30,214,164,223,21
Delhi,2023-05-01,190,134,170,60
Delhi,2023-05-02,268,175,234,88
Delhi,2023-05-03,205,147,183,64
Delhi,2023-05-04,265,205,250,28
Delhi,2023-05-05,276,189,233,28
Delhi,2023-05-06,294,233,287,16
Delhi,2023-05-07,216,167,204,76
Delhi,2023-05-08,189,132,180,31
Delhi,2023-05-09,202,157,193,58
Delhi,2023-05-10,154,113,157,62
Delhi,2023-05-11,159,113,140,92
Delhi,2023-05-12,162,117,150,57
Delhi,2023-05-13,236,163,197,77
Delhi,2023-05-14,299,196,256,82
Delhi,2023-05-15,264,197,241,21
Delhi,2023-05-16,293,193,260,56
Delhi,2023-05-17,290,231,300,44
Delhi,2023-05-18,186,125,157,96
Delhi,2023-05-19,248,166,209,76
Delhi,2023-05-20,290,222,268,37
Delhi,2023-05-21,284,208,287,56
Delhi,2023-05-22,279,220,279,47
Delhi,2023-05-23,188,123,157,75
Delhi,2023-05-24,219,164,205,97
Delhi,2023-05-25,267,207,274,21
Delhi,2023-05-26,277,189,258,84
Delhi,2023-05-27,188,133,169,56
Delhi,2023-05-28,258,175,225,51
Delhi,2023-05-29,221,163,228,53
Delhi,2023-05-30,156,104,135,41
Delhi,2023-05-31,234,174,226,84
Delhi,2023-06-01,157,122,160,64
Delhi,2023-06-02,199,138,180,26
Delhi,2023-06-03,281,224,304,94
Delhi,2023-06-04,198,132,173,29
Delhi,2023-06-05,287,198,248,24
Delhi,2023-06-06,261,171,228,77
Delhi,2023-06-07,215,161,207,86
Delhi,2023-06-08,174,137,188,60
Delhi,2023-06-09,222,176,227,34
Delhi,2023-06-10,205,156,194,51
Delhi,2023-06-11,238,156,212,44
Delhi,2023-06-12,166,128,168,19
Delhi,2023-06-13,269,184,245,46
Delhi,2023-06-14,186,125,175,99
Delhi,2023-06-15,244,182,226,86
Delhi,2023-06-16,287,217,274,51
Delhi,2023-06-17,177,127,161,94
Delhi,2023-06-18,182,130,165,60
Delhi,2023-06-19,239,164,198,28
Delhi,2023-06-20,267,193,261,65
Delhi,2023-06-21,273,213,263,20
Delhi,2023-06-22,200,137,190,65
Delhi,2023-06-23,297,228,282,89
Delhi,2023-06-24,205,152,188,72
Delhi,2023-06-25,229,170,205,51
Delhi,2023-06-26,150,101,141,89
Delhi,2023-06-27,295,205,263,40
Delhi,2023-06-28,153,121,161,67
Delhi,2023-06-29,160,124,149,31
Delhi,2023-06-30,286,187,243,55
Delhi,2023-07-01,79,59,76,71
Delhi,2023-07-02,126,98,135,55
Delhi,2023-07-03,134,103,133,30
Delhi,2023-07-04,137,102,128,20
Delhi,2023-07-05,70,54,71,69
Delhi,2023-07-06,66,45,57,15
Delhi,2023-07-07,122,92,124,83
Delhi,2023-07-08,70,54,68,33
Delhi,2023-07-09,73,51,66,17
Delhi,2023-07-10,135,99,127,96
Delhi,2023-07-11,86,66,84,41
