city,date,temperature,humidity,rainfall
Delhi,2017-01-01,7.6,64,0.0
Delhi,2017-01-02,15.3,88,0.0
Delhi,2017-01-03,6.9,78,0.0
Delhi,2017-01-04,7.9,66,0.0
Delhi,2017-01-05,18.4,90,3.0
Delhi,2017-01-06,16.8,89,0.0
Delhi,2017-01-07,7.3,65,1.6
Delhi,2017-01-08,17.2,84,0.0
Delhi,2017-01-09,8.0,42,1.6
Delhi,2017-01-10,11.9,81,0.0
Delhi,2017-01-11,7.1,89,4.7
Delhi,2017-01-12,18.5,90,0.1
Delhi,2017-01-13,12.7,61,4.2
Delhi,2017-01-14,13.0,54,1.6
Delhi,2017-01-15,18.8,63,0.0
Delhi,2017-01-16,9.2,70,0.0
Delhi,2017-01-17,12.4,78,0.0
Delhi,2017-01-18,9.7,59,0.0
Delhi,2017-01-19,6.5,63,2.4
Delhi,2017-01-20,13.3,67,0.0
Delhi,2017-01-21,13.1,40,0.0
Delhi,2017-01-22,19.3,66,0.0
Delhi,2017-01-23,6.3,78,0.0
Delhi,2017-01-24,10.6,55,0.0
Delhi,2017-01-25,6.7,49,0.0
Delhi,2017-01-26,10.0,42,4.4
Delhi,2017-01-27,12.8,88,0.0
Delhi,2017-01-28,19.9,90,0.0
Delhi,2017-01-29,15.1,45,0.0
Delhi,2017-01-30,13.2,44,0.0
Delhi,2017-01-31,13.9,68,0.0
Delhi,2017-02-01,27.7,49,0.0
Delhi,2017-02-02,22.1,78,0.0
Delhi,2017-02-03,18.1,46,0.5
Delhi,2017-02-04,25.0,77,0.0
Delhi,2017-02-05,22.4,73,3.7
Delhi,2017-02-06,16.4,57,0.0
Delhi,2017-02-07,24.8,72,0.0
Delhi,2017-02-08,28.1,56,0.9
Delhi,2017-02-09,25.7,88,0.9
Delhi,2017-02-10,23.9,48,0.0
Delhi,2017-02-11,21.5,58,0.0
Delhi,2017-02-12,21.0,45,0.0
Delhi,2017-02-13,12.2,57,0.0
Delhi,2017-02-14,12.8,51,0.0
Delhi,2017-02-15,24.7,83,2.8
Delhi,2017-02-16,15.0,68,0.0
Delhi,2017-02-17,12.1,57,0.0
Delhi,2017-02-18,28.4,74,0.0
Delhi,2017-02-19,19.4,47,0.0
Delhi,2017-02-20,12.3,76,0.0
Delhi,2017-02-21,12.9,76,0.0
Delhi,2017-02-22,16.0,67,0.0
Delhi,2017-02-23,27.7,80,0.0
Delhi,2017-02-24,27.6,59,0.0
Delhi,2017-02-25,21.6,44,0.0
Delhi,2017-02-26,19.1,83,0.0
Delhi,2017-02-27,20.2,59,0.0
Delhi,2017-02-28,13.0,42,1.2
Delhi,2017-03-01,26.3,71,0.0
Delhi,2017-03-02,17.7,42,5.0
Delhi,2017-03-03,13.5,49,0.0
Delhi,2017-03-04,26.7,41,4.9
Delhi,2017-03-05,26.6,79,0.0
Delhi,2017-03-06,18.8,89,0.8
Delhi,2017-03-07,14.3,51,3.4
Delhi,2017-03-08,28.6,46,0.0
Delhi,2017-03-09,15.2,64,0.0
Delhi,2017-03-10,14.8,50,0.0
Delhi,2017-03-11,28.4,82,0.0
Delhi,2017-03-12,16.0,81,4.8
Delhi,2017-03-13,14.0,65,0.0
Delhi,2017-03-14,19.6,67,0.0
Delhi,2017-03-15,25.9,62,0.0
Delhi,2017-03-16,14.1,83,4.4
Delhi,2017-03-17,15.7,67,0.0
Delhi,2017-03-18,25.4,70,0.0
Delhi,2017-03-19,13.9,55,2.0
Delhi,2017-03-20,14.0,76,4.2
Delhi,2017-03-21,25.7,89,0.0
Delhi,2017-03-22,15.9,90,0.0
Delhi,2017-03-23,12.6,68,0.0
Delhi,2017-03-24,26.8,69,0.0
Delhi,2017-03-25,23.0,53,0.0
Delhi,2017-03-26,12.7,69,0.0
Delhi,2017-03-27,20.4,55,0.9
Delhi,2017-03-28,28.1,67,0.0
Delhi,2017-03-29,28.1,48,0.6
Delhi,2017-03-30,17.9,40,0.0
Delhi,2017-03-31,16.4,56,3.0
Delhi,2017-04-01,35.0,49,3.0
Delhi,2017-04-02,41.2,58,0.0
Delhi,2017-04-03,35.1,43,0.0
Delhi,2017-04-04,39.5,26,0.0
Delhi,2017-04-05,42.4,34,1.5
Delhi,2017-04-06,36.3,55,0.0
Delhi,2017-04-07,32.7,37,0.0
Delhi,2017-04-08,27.5,32,0.0
Delhi,2017-04-09,44.5,22,1.9
Delhi,2017-04-10,31.9,37,0.0
Delhi,2017-04-11,33.7,56,0.0
Delhi,2017-04-12,41.3,27,1.2
Delhi,2017-04-13,26.4,60,0.0
Delhi,2017-04-14,35.1,60,0.0
Delhi,2017-04-15,31.7,43,0.0
Delhi,2017-04-16,26.2,50,0.0
Delhi,2017-04-17,42.5,29,0.0
Delhi,2017-04-18,44.7,23,0.0
Delhi,2017-04-19,41.1,56,0.0
Delhi,2017-04-20,28.4,46,0.0
Delhi,2017-04-21,37.6,37,0.0
Delhi,2017-04-22,27.9,32,0.0
Delhi,2017-04-23,31.3,33,0.0
Delhi,2017-04-24,30.8,35,0.0
Delhi,2017-04-25,44.9,35,0.0
Delhi,2017-04-26,31.8,41,0.6
Delhi,2017-04-27,42.0,22,0.0
Delhi,2017-04-28,35.0,34,0.0
Delhi,2017-04-29,41.6,45,0.0
Delhi,2017-04-30,26.5,59,0.0
Delhi,2017-05-01,44.6,53,0.0
Delhi,2017-05-02,43.6,43,0.0
Delhi,2017-05-03,37.1,36,0.0
Delhi,2017-05-04,43.4,52,0.0
Delhi,2017-05-05,36.7,60,0.0
Delhi,2017-05-06,40.4,56,4.6
Delhi,2017-05-07,26.8,44,0.0
Delhi,2017-05-08,43.2,59,0.0
Delhi,2017-05-09,43.8,44,0.0
Delhi,2017-05-10,40.5,58,3.9
Delhi,2017-05-11,44.1,30,3.1
Delhi,2017-05-12,31.1,45,0.0
Delhi,2017-05-13,30.6,49,0.0
Delhi,2017-05-14,31.3,47,0.0
Delhi,2017-05-15,39.8,32,2.5
Delhi,2017-05-16,31.8,40,3.3
Delhi,2017-05-17,44.7,32,1.2
Delhi,2017-05-18,41.7,32,1.1
Delhi,2017-05-19,40.3,47,0.0
Delhi,2017-05-20,28.7,47,0.0
Delhi,2017-05-21,32.0,22,0.0
Delhi,2017-05-22,39.7,47,0.0
Delhi,2017-05-23,25.2,59,0.0
Delhi,2017-05-24,39.1,40,0.0
Delhi,2017-05-25,31.5,52,0.0
Delhi,2017-05-26,38.8,57,0.0
Delhi,2017-05-27,38.2,51,0.8
Delhi,2017-05-28,43.3,30,0.0
Delhi,2017-05-29,39.4,22,0.0
Delhi,2017-05-30,26.4,40,0.0
Delhi,2017-05-31,27.7,56,4.7
Delhi,2017-06-01,39.4,35,0.0
Delhi,2017-06-02,36.9,26,0.0
Delhi,2017-06-03,38.4,54,0.0
Delhi,2017-06-04,43.8,37,0.0
Delhi,2017-06-05,42.9,39,4.2
Delhi,2017-06-06,28.9,32,0.0
Delhi,2017-06-07,33.5,46,0.0
Delhi,2017-06-08,34.2,33,2.9
Delhi,2017-06-09,37.8,29,0.0
Delhi,2017-06-10,32.7,43,3.7
Delhi,2017-06-11,27.6,28,0.0
Delhi,2017-06-12,41.4,36,0.0
Delhi,2017-06-13,28.5,49,0.0
Delhi,2017-06-14,36.8,60,0.0
Delhi,2017-06-15,44.7,42,0.0
Delhi,2017-06-16,41.4,23,2.3
Delhi,2017-06-17,36.3,51,4.1
Delhi,2017-06-18,32.6,46,0.8
Delhi,2017-06-19,33.1,24,0.0
Delhi,2017-06-20,29.5,30,0.0
Delhi,2017-06-21,41.9,53,0.0
Delhi,2017-06-22,32.4,45,0.0
Delhi,2017-06-23,32.8,27,0.0
Delhi,2017-06-24,40.9,52,0.0
Delhi,2017-06-25,25.3,21,0.0
Delhi,2017-06-26,35.7,60,4.5
Delhi,2017-06-27,27.4,54,0.0
Delhi,2017-06-28,40.5,34,0.0
Delhi,2017-06-29,40.6,60,2.0
Delhi,2017-06-30,33.9,39,0.0
Delhi,2017-07-01,32.7,78,0.0
Delhi,2017-07-02,26.7,68,0.0
Delhi,2017-07-03,32.9,89,0.0
Delhi,2017-07-04,30.6,87,0.0
Delhi,2017-07-05,33.5,92,0.0
Delhi,2017-07-06,29.0,87,0.0
Delhi,2017-07-07,34.1,82,0.0
Delhi,2017-07-08,32.2,69,0.0
Delhi,2017-07-09,27.5,64,9.6
Delhi,2017-07-10,28.5,91,0.0
Delhi,2017-07-11,31.5,64,0.0
Delhi,2017-07-12,34.5,62,37.0
Delhi,2017-07-13,30.8,63,0.0
Delhi,2017-07-14,29.9,75,34.4
Delhi,2017-07-15,28.7,78,0.0
Delhi,2017-07-16,28.3,90,0.0
Delhi,2017-07-17,28.2,87,0.0
Delhi,2017-07-18,27.7,61,0.0
Delhi,2017-07-19,29.5,84,0.0
Delhi,2017-07-20,33.9,94,0.0
Delhi,2017-07-21,30.1,92,0.0
Delhi,2017-07-22,27.5,68,28.5
Delhi,2017-07-23,29.7,72,0.0
Delhi,2017-07-24,25.8,75,0.0
Delhi,2017-07-25,26.0,64,19.7
Delhi,2017-07-26,26.2,89,0.0
Delhi,2017-07-27,33.9,71,31.3
Delhi,2017-07-28,26.6,81,0.0
Delhi,2017-07-29,32.2,76,7.3
Delhi,2017-07-30,31.0,78,0.0
Delhi,2017-07-31,31.7,73,0.0
Delhi,2017-08-01,26.4,76,0.0
Delhi,2017-08-02,33.8,80,0.0
Delhi,2017-08-03,27.7,76,0.0
Delhi,2017-08-04,33.1,68,0.0
Delhi,2017-08-05,26.1,94,0.0
Delhi,2017-08-06,31.6,68,48.7
Delhi,2017-08-07,33.5,89,44.7
Delhi,2017-08-08,29.1,70,31.8
Delhi,2017-08-09,26.6,72,19.3
Delhi,2017-08-10,34.2,61,0.0
Delhi,2017-08-11,27.3,77,14.3
Delhi,2017-08-12,26.7,76,0.0
Delhi,2017-08-13,31.6,89,0.0
Delhi,2017-08-14,27.3,61,0.0
Delhi,2017-08-15,32.9,60,0.0
Delhi,2017-08-16,30.7,68,0.0
Delhi,2017-08-17,33.1,90,15.5
Delhi,2017-08-18,26.0,80,0.0
Delhi,2017-08-19,32.5,95,0.0
Delhi,2017-08-20,34.6,80,0.0
Delhi,2017-08-21,25.9,67,0.0
Delhi,2017-08-22,31.6,88,0.0
Delhi,2017-08-23,28.5,74,0.0
Delhi,2017-08-24,27.9,71,0.0
Delhi,2017-08-25,32.6,84,47.9
Delhi,2017-08-26,25.0,82,0.0
Delhi,2017-08-27,25.4,87,0.0
Delhi,2017-08-28,32.1,69,0.0
Delhi,2017-08-29,32.4,88,0.0
Delhi,2017-08-30,26.9,92,0.0
Delhi,2017-08-31,31.2,89,26.2
Delhi,2017-09-01,25.6,75,0.0
Delhi,2017-09-02,32.4,85,0.0
Delhi,2017-09-03,26.9,71,0.0
Delhi,2017-09-04,29.8,81,0.0
Delhi,2017-09-05,32.9,91,0.0
Delhi,2017-09-06,32.4,89,0.0
Delhi,2017-09-07,28.3,69,0.0
Delhi,2017-09-08,32.9,60,0.0
Delhi,2017-09-09,26.2,63,0.0
Delhi,2017-09-10,32.5,63,28.5
Delhi,2017-09-11,27.1,78,9.8
Delhi,2017-09-12,29.8,63,0.0
Delhi,2017-09-13,28.1,63,28.8
Delhi,2017-09-14,26.3,68,0.0
Delhi,2017-09-15,29.7,84,0.0
Delhi,2017-09-16,34.3,61,0.0
Delhi,2017-09-17,29.0,84,43.4
Delhi,2017-09-18,28.1,86,0.0
Delhi,2017-09-19,33.3,69,0.0
Delhi,2017-09-20,25.8,85,47.3
Delhi,2017-09-21,33.1,84,0.0
Delhi,2017-09-22,30.5,75,0.0
Delhi,2017-09-23,32.7,71,0.0
Delhi,2017-09-24,30.6,76,0.0
Delhi,2017-09-25,34.7,86,0.0
Delhi,2017-09-26,30.0,83,0.0
Delhi,2017-09-27,25.6,64,0.0
Delhi,2017-09-28,29.1,84,0.0
Delhi,2017-09-29,29.1,68,0.0
Delhi,2017-09-30,26.9,82,0.0
Delhi,2017-10-01,29.1,62,0.0
Delhi,2017-10-02,29.2,88,0.0
Delhi,2017-10-03,22.2,55,3.6
Delhi,2017-10-04,25.7,86,0.3
Delhi,2017-10-05,17.3,88,3.4
Delhi,2017-10-06,25.4,67,0.0
Delhi,2017-10-07,15.9,44,0.0
Delhi,2017-10-08,24.2,44,1.7
Delhi,2017-10-09,22.6,85,0.0
Delhi,2017-10-10,20.4,50,0.0
Delhi,2017-10-11,15.3,45,1.6
Delhi,2017-10-12,21.2,89,0.0
Delhi,2017-10-13,23.8,55,1.5
Delhi,2017-10-14,29.9,89,2.7
Delhi,2017-10-15,29.3,79,0.0
Delhi,2017-10-16,24.4,47,0.0
Delhi,2017-10-17,25.5,66,0.0
Delhi,2017-10-18,25.1,82,0.0
Delhi,2017-10-19,23.1,87,0.0
Delhi,2017-10-20,26.5,76,0.0
Delhi,2017-10-21,29.4,66,0.0
Delhi,2017-10-22,19.5,47,2.7
Delhi,2017-10-23,25.6,55,0.0
Delhi,2017-10-24,25.7,42,1.9
Delhi,2017-10-25,18.1,52,0.0
Delhi,2017-10-26,29.9,49,0.0
Delhi,2017-10-27,25.0,59,2.2
Delhi,2017-10-28,17.8,67,4.3
Delhi,2017-10-29,15.9,69,0.0
Delhi,2017-10-30,24.4,64,0.0
Delhi,2017-10-31,17.9,87,1.3
Delhi,2017-11-01,17.1,89,0.0
Delhi,2017-11-02,22.5,54,0.0
Delhi,2017-11-03,25.6,61,3.4
Delhi,2017-11-04,25.3,72,0.0
Delhi,2017-11-05,20.5,48,0.0
Delhi,2017-11-06,27.8,51,0.0
Delhi,2017-11-07,24.8,58,0.0
Delhi,2017-11-08,28.7,89,0.0
Delhi,2017-11-09,15.7,84,2.5
Delhi,2017-11-10,20.3,70,4.4
Delhi,2017-11-11,28.6,55,0.0
Delhi,2017-11-12,21.7,42,0.0
Delhi,2017-11-13,28.3,58,0.0
Delhi,2017-11-14,23.5,73,0.0
Delhi,2017-11-15,29.4,66,0.0
Delhi,2017-11-16,19.2,86,0.0
Delhi,2017-11-17,28.1,51,0.0
Delhi,2017-11-18,24.3,68,3.7
Delhi,2017-11-19,18.1,65,0.0
Delhi,2017-11-20,22.2,80,2.3
Delhi,2017-11-21,18.9,61,0.0
Delhi,2017-11-22,29.2,57,4.7
Delhi,2017-11-23,26.6,85,0.0
Delhi,2017-11-24,23.1,68,0.0
Delhi,2017-11-25,29.3,78,3.3
Delhi,2017-11-26,21.3,60,0.0
Delhi,2017-11-27,29.4,43,1.7
Delhi,2017-11-28,21.2,62,0.0
Delhi,2017-11-29,19.9,41,0.0
Delhi,2017-11-30,19.3,48,2.0
Delhi,2017-12-01,12.7,64,0.0
Delhi,2017-12-02,12.1,85,0.0
Delhi,2017-12-03,15.8,40,3.2
Delhi,2017-12-04,7.3,70,3.0
Delhi,2017-12-05,6.9,84,3.2
Delhi,2017-12-06,10.5,83,0.0
Delhi,2017-12-07,13.1,54,0.0
Delhi,2017-12-08,15.1,40,0.0
Delhi,2017-12-09,11.4,64,0.0
Delhi,2017-12-10,14.0,75,0.0
Delhi,2017-12-11,13.2,79,0.0
Delhi,2017-12-12,11.7,52,0.0
Delhi,2017-12-13,16.5,83,0.0
Delhi,2017-12-14,6.7,45,4.8
Delhi,2017-12-15,7.9,87,0.4
Delhi,2017-12-16,17.1,87,0.0
Delhi,2017-12-17,5.1,79,0.0
Delhi,2017-12-18,17.4,80,0.0
Delhi,2017-12-19,16.3,44,0.0
Delhi,2017-12-20,13.1,67,0.0
Delhi,2017-12-21,13.6,48,0.0
Delhi,2017-12-22,9.4,47,0.0
Delhi,2017-12-23,17.1,87,1.2
Delhi,2017-12-24,8.3,48,0.0
Delhi,2017-12-25,14.6,55,3.5
Delhi,2017-12-26,5.3,89,0.0
Delhi,2017-12-27,15.3,90,0.0
Delhi,2017-12-28,5.3,67,3.9
Delhi,2017-12-29,15.0,79,3.8
Delhi,2017-12-30,13.4,43,0.7
Delhi,2017-12-31,13.3,65,0.0
Delhi,2018-01-01,9.0,90,4.1
Delhi,2018-01-02,15.2,67,0.7
Delhi,2018-01-03,9.6,45,0.0
Delhi,2018-01-04,15.4,57,0.0
Delhi,2018-01-05,18.9,70,3.1
Delhi,2018-01-06,6.2,87,0.0
Delhi,2018-01-07,19.7,74,0.0
Delhi,2018-01-08,5.5,42,0.0
Delhi,2018-01-09,14.2,58,0.0
Delhi,2018-01-10,18.7,71,1.3
Delhi,2018-01-11,10.1,77,3.3
Delhi,2018-01-12,12.0,80,3.2
Delhi,2018-01-13,11.6,86,0.0
Delhi,2018-01-14,12.0,79,0.0
Delhi,2018-01-15,17.5,71,0.0
Delhi,2018-01-16,5.7,68,3.0
Delhi,2018-01-17,8.6,51,2.5
Delhi,2018-01-18,6.7,43,0.0
Delhi,2018-01-19,8.6,64,0.0
Delhi,2018-01-20,7.8,43,0.0
Delhi,2018-01-21,14.0,72,0.0
Delhi,2018-01-22,13.0,54,4.1
Delhi,2018-01-23,14.4,56,0.0
Delhi,2018-01-24,18.1,65,4.4
Delhi,2018-01-25,13.7,73,0.0
Delhi,2018-01-26,15.7,56,2.0
Delhi,2018-01-27,7.2,77,3.6
Delhi,2018-01-28,18.4,68,0.0
Delhi,2018-01-29,7.7,62,1.1
Delhi,2018-01-30,5.6,64,0.0
Delhi,2018-01-31,14.6,75,0.0
Delhi,2018-02-01,21.2,69,0.0
Delhi,2018-02-02,22.0,59,3.6
Delhi,2018-02-03,26.0,89,1.7
Delhi,2018-02-04,13.1,45,0.0
Delhi,2018-02-05,19.9,90,3.9
Delhi,2018-02-06,13.3,43,0.0
Delhi,2018-02-07,18.6,51,0.7
Delhi,2018-02-08,27.9,58,0.0
Delhi,2018-02-09,20.7,74,3.5
Delhi,2018-02-10,17.1,61,0.0
Delhi,2018-02-11,29.4,50,0.0
Delhi,2018-02-12,16.5,89,0.0
Delhi,2018-02-13,24.8,40,0.0
Delhi,2018-02-14,29.9,76,0.0
Delhi,2018-02-15,20.1,46,1.8
Delhi,2018-02-16,16.2,40,1.4
Delhi,2018-02-17,25.8,67,0.0
Delhi,2018-02-18,25.0,64,0.0
Delhi,2018-02-19,17.9,66,2.5
Delhi,2018-02-20,29.2,53,0.0
Delhi,2018-02-21,20.0,59,4.9
Delhi,2018-02-22,20.4,71,0.6
Delhi,2018-02-23,29.8,87,2.8
Delhi,2018-02-24,25.0,75,3.2
Delhi,2018-02-25,26.8,74,0.0
Delhi,2018-02-26,13.7,84,0.0
Delhi,2018-02-27,22.7,41,0.0
Delhi,2018-02-28,28.9,58,2.9
Delhi,2018-03-01,19.7,87,3.3
Delhi,2018-03-02,24.6,48,0.0
Delhi,2018-03-03,23.8,84,0.0
Delhi,2018-03-04,12.6,54,2.1
Delhi,2018-03-05,25.2,64,4.5
Delhi,2018-03-06,19.9,88,2.8
Delhi,2018-03-07,12.9,79,0.5
Delhi,2018-03-08,17.8,42,0.0
Delhi,2018-03-09,27.8,77,4.2
Delhi,2018-03-10,24.1,47,0.0
Delhi,2018-03-11,14.5,61,0.0
Delhi,2018-03-12,21.2,85,0.3
Delhi,2018-03-13,20.9,62,2.8
Delhi,2018-03-14,27.5,87,0.0
Delhi,2018-03-15,23.2,59,1.5
Delhi,2018-03-16,23.5,83,4.2
Delhi,2018-03-17,29.4,52,0.0
Delhi,2018-03-18,12.6,49,0.0
Delhi,2018-03-19,24.4,64,0.0
Delhi,2018-03-20,15.4,60,0.0
Delhi,2018-03-21,16.7,42,2.4
Delhi,2018-03-22,25.2,66,0.0
Delhi,2018-03-23,25.6,54,0.0
Delhi,2018-03-24,20.3,86,0.0
Delhi,2018-03-25,29.0,54,1.4
Delhi,2018-03-26,26.3,83,0.0
Delhi,2018-03-27,29.0,49,4.3
Delhi,2018-03-28,27.6,87,0.0
Delhi,2018-03-29,28.4,75,4.5
Delhi,2018-03-30,20.2,77,0.0
Delhi,2018-03-31,17.9,65,4.6
Delhi,2018-04-01,34.6,44,0.0
Delhi,2018-04-02,42.5,46,0.0
Delhi,2018-04-03,39.9,52,4.9
Delhi,2018-04-04,31.0,48,1.6
Delhi,2018-04-05,36.3,42,0.0
Delhi,2018-04-06,34.7,58,0.0
Delhi,2018-04-07,43.7,28,0.0
Delhi,2018-04-08,44.5,54,0.0
Delhi,2018-04-09,31.8,31,0.0
Delhi,2018-04-10,26.2,45,3.3
Delhi,2018-04-11,28.1,57,0.0
Delhi,2018-04-12,31.1,56,0.0
Delhi,2018-04-13,42.8,32,0.0
Delhi,2018-04-14,29.7,29,0.0
Delhi,2018-04-15,40.5,55,2.9
Delhi,2018-04-16,34.8,41,0.0
Delhi,2018-04-17,40.3,26,0.0
Delhi,2018-04-18,29.9,44,1.5
Delhi,2018-04-19,33.9,34,0.0
Delhi,2018-04-20,37.2,42,4.2
Delhi,2018-04-21,44.4,25,0.0
Delhi,2018-04-22,36.3,60,2.2
Delhi,2018-04-23,38.0,37,4.6
Delhi,2018-04-24,34.5,49,0.0
Delhi,2018-04-25,29.8,24,0.0
Delhi,2018-04-26,27.2,49,0.1
Delhi,2018-04-27,30.7,46,0.0
Delhi,2018-04-28,27.5,45,0.0
Delhi,2018-04-29,39.8,24,0.0
Delhi,2018-04-30,37.0,54,0.0
Delhi,2018-05-01,42.1,53,4.5
Delhi,2018-05-02,35.5,23,0.0
Delhi,2018-05-03,27.0,41,0.0
Delhi,2018-05-04,39.0,40,1.9
Delhi,2018-05-05,37.2,30,0.0
Delhi,2018-05-06,32.2,57,0.0
Delhi,2018-05-07,35.5,21,4.6
Delhi,2018-05-08,28.3,51,0.0
Delhi,2018-05-09,39.0,38,0.0
Delhi,2018-05-10,43.0,46,0.0
Delhi,2018-05-11,38.0,58,0.3
Delhi,2018-05-12,31.6,46,0.0
Delhi,2018-05-13,35.1,28,0.0
Delhi,2018-05-14,39.5,32,0.0
Delhi,2018-05-15,32.7,45,0.0
Delhi,2018-05-16,31.7,50,0.0
Delhi,2018-05-17,26.9,35,0.0
Delhi,2018-05-18,35.6,46,0.0
Delhi,2018-05-19,40.3,33,0.0
Delhi,2018-05-20,31.1,51,1.2
Delhi,2018-05-21,42.4,29,1.2
Delhi,2018-05-22,34.2,28,2.9
Delhi,2018-05-23,37.4,38,0.0
Delhi,2018-05-24,42.3,55,4.9
Delhi,2018-05-25,43.4,41,0.0
Delhi,2018-05-26,25.1,34,0.0
Delhi,2018-05-27,38.9,30,2.0
Delhi,2018-05-28,40.1,35,0.0
Delhi,2018-05-29,27.7,43,0.0
Delhi,2018-05-30,41.3,45,0.0
Delhi,2018-05-31,32.5,35,0.0
Delhi,2018-06-01,37.2,59,2.4
Delhi,2018-06-02,41.9,49,0.0
Delhi,2018-06-03,32.0,33,1.1
Delhi,2018-06-04,33.1,34,0.0
Delhi,2018-06-05,40.6,56,0.1
Delhi,2018-06-06,29.6,58,0.0
Delhi,2018-06-07,29.0,44,3.5
Delhi,2018-06-08,31.2,42,0.0
Delhi,2018-06-09,25.8,46,0.0
Delhi,2018-06-10,33.6,57,4.5
Delhi,2018-06-11,29.2,40,0.0
Delhi,2018-06-12,32.3,28,0.0
Delhi,2018-06-13,43.1,44,0.0
Delhi,2018-06-14,40.5,50,0.5
Delhi,2018-06-15,30.8,34,5.0
Delhi,2018-06-16,32.4,27,3.4
Delhi,2018-06-17,41.6,55,1.0
Delhi,2018-06-18,29.5,47,0.0
Delhi,2018-06-19,31.0,44,0.0
Delhi,2018-06-20,25.5,57,2.7
Delhi,2018-06-21,25.1,23,2.2
Delhi,2018-06-22,39.4,52,0.3
Delhi,2018-06-23,34.2,36,0.0
Delhi,2018-06-24,40.4,48,2.4
Delhi,2018-06-25,42.8,60,4.5
Delhi,2018-06-26,32.5,25,0.0
Delhi,2018-06-27,38.9,33,3.6
Delhi,2018-06-28,42.5,20,0.0
Delhi,2018-06-29,38.2,28,0.0
Delhi,2018-06-30,39.9,34,0.0
Delhi,2018-07-01,34.5,80,0.0
Delhi,2018-07-02,30.3,79,0.0
Delhi,2018-07-03,34.1,60,0.0
Delhi,2018-07-04,33.4,93,0.0
Delhi,2018-07-05,33.8,66,0.0
Delhi,2018-07-06,33.2,78,4.2
Delhi,2018-07-07,34.0,76,0.0
Delhi,2018-07-08,25.7,69,0.0
Delhi,2018-07-09,26.0,86,17.9
Delhi,2018-07-10,26.9,64,38.1
Delhi,2018-07-11,31.1,64,0.0
Delhi,2018-07-12,33.4,88,0.0
Delhi,2018-07-13,34.9,77,0.0
Delhi,2018-07-14,25.0,86,0.0
Delhi,2018-07-15,27.9,88,39.8
Delhi,2018-07-16,28.0,83,30.4
Delhi,2018-07-17,31.7,74,22.7
Delhi,2018-07-18,28.5,70,0.0
Delhi,2018-07-19,28.7,65,0.0
Delhi,2018-07-20,25.6,95,0.0
Delhi,2018-07-21,33.2,88,0.0
Delhi,2018-07-22,31.2,68,0.0
Delhi,2018-07-23,28.4,68,0.0
Delhi,2018-07-24,33.0,72,4.5
Delhi,2018-07-25,30.5,68,22.9
Delhi,2018-07-26,29.6,68,0.0
Delhi,2018-07-27,30.7,93,0.0
Delhi,2018-07-28,29.1,76,0.0
Delhi,2018-07-29,27.9,88,0.0
Delhi,2018-07-30,26.0,71,0.0
Delhi,2018-07-31,29.8,84,0.0
Delhi,2018-08-01,27.5,79,11.0
Delhi,2018-08-02,34.8,67,0.0
Delhi,2018-08-03,27.9,68,10.5
Delhi,2018-08-04,28.0,78,0.0
Delhi,2018-08-05,33.0,70,10.6
Delhi,2018-08-06,26.9,90,0.0
Delhi,2018-08-07,27.7,90,0.0
Delhi,2018-08-08,25.3,84,0.0
Delhi,2018-08-09,28.7,62,0.0
Delhi,2018-08-10,31.1,68,0.0
Delhi,2018-08-11,34.0,94,0.0
Delhi,2018-08-12,29.4,61,0.0
Delhi,2018-08-13,28.8,69,35.0
Delhi,2018-08-14,30.6,91,0.0
Delhi,2018-08-15,25.1,70,0.0
Delhi,2018-08-16,29.0,81,0.0
Delhi,2018-08-17,31.0,88,22.3
Delhi,2018-08-18,25.4,91,0.0
Delhi,2018-08-19,27.0,64,7.2
Delhi,2018-08-20,34.6,88,0.0
Delhi,2018-08-21,33.8,72,0.0
Delhi,2018-08-22,31.9,79,0.0
Delhi,2018-08-23,31.2,83,0.0
Delhi,2018-08-24,31.2,91,0.0
Delhi,2018-08-25,32.0,68,34.2
Delhi,2018-08-26,25.9,82,0.0
Delhi,2018-08-27,33.3,67,0.0
Delhi,2018-08-28,31.0,74,0.0
Delhi,2018-08-29,28.5,72,43.1
Delhi,2018-08-30,29.5,81,0.0
Delhi,2018-08-31,26.5,73,0.0
Delhi,2018-09-01,25.1,71,0.0
Delhi,2018-09-02,33.1,72,0.0
Delhi,2018-09-03,29.8,91,0.0
Delhi,2018-09-04,34.5,94,15.3
Delhi,2018-09-05,29.2,83,0.0
Delhi,2018-09-06,25.2,83,0.0
Delhi,2018-09-07,29.5,61,0.0
Delhi,2018-09-08,32.5,92,31.5
Delhi,2018-09-09,30.0,78,0.0
Delhi,2018-09-10,26.0,93,9.7
Delhi,2018-09-11,33.6,92,0.0
Delhi,2018-09-12,31.7,72,25.7
Delhi,2018-09-13,28.1,63,0.0
Delhi,2018-09-14,28.1,67,0.0
Delhi,2018-09-15,30.5,60,27.1
Delhi,2018-09-16,33.4,72,0.0
Delhi,2018-09-17,29.1,84,4.6
Delhi,2018-09-18,33.4,78,41.2
Delhi,2018-09-19,28.0,86,0.0
Delhi,2018-09-20,30.4,83,0.0
Delhi,2018-09-21,31.5,89,5.6
Delhi,2018-09-22,25.4,69,0.0
Delhi,2018-09-23,34.1,79,42.3
Delhi,2018-09-24,26.5,62,0.0
Delhi,2018-09-25,31.0,62,0.0
Delhi,2018-09-26,29.7,84,0.0
Delhi,2018-09-27,34.5,82,0.0
Delhi,2018-09-28,29.0,94,0.0
Delhi,2018-09-29,27.8,95,0.0
Delhi,2018-09-30,30.6,66,0.0
Delhi,2018-10-01,15.6,84,0.0
Delhi,2018-10-02,27.5,44,4.7
Delhi,2018-10-03,22.5,82,4.6
Delhi,2018-10-04,27.8,83,0.0
Delhi,2018-10-05,25.2,53,0.0
Delhi,2018-10-06,26.6,86,0.0
Delhi,2018-10-07,18.2,85,0.0
Delhi,2018-10-08,15.4,77,1.0
Delhi,2018-10-09,28.1,88,0.0
Delhi,2018-10-10,16.0,71,0.5
Delhi,2018-10-11,21.7,47,0.0
Delhi,2018-10-12,21.2,47,0.0
Delhi,2018-10-13,22.0,90,4.7
Delhi,2018-10-14,29.3,86,0.0
Delhi,2018-10-15,23.5,45,0.0
Delhi,2018-10-16,16.1,77,0.0
Delhi,2018-10-17,23.7,67,4.8
Delhi,2018-10-18,18.8,51,3.8
Delhi,2018-10-19,19.7,68,0.5
Delhi,2018-10-20,17.4,73,4.6
Delhi,2018-10-21,28.2,67,0.0
Delhi,2018-10-22,17.6,71,0.0
Delhi,2018-10-23,29.9,72,3.1
Delhi,2018-10-24,15.9,71,0.0
Delhi,2018-10-25,24.7,76,0.0
Delhi,2018-10-26,17.1,84,0.0
Delhi,2018-10-27,29.4,51,0.0
Delhi,2018-10-28,23.1,61,0.0
Delhi,2018-10-29,15.2,74,0.0
Delhi,2018-10-30,19.8,87,0.0
Delhi,2018-10-31,17.9,82,3.9
Delhi,2018-11-01,28.0,74,0.0
Delhi,2018-11-02,17.8,54,0.0
Delhi,2018-11-03,17.9,83,0.0
Delhi,2018-11-04,20.3,79,4.0
Delhi,2018-11-05,18.8,81,0.0
Delhi,2018-11-06,18.4,77,0.2
Delhi,2018-11-07,26.8,79,0.0
Delhi,2018-11-08,29.5,74,0.0
Delhi,2018-11-09,26.4,56,1.7
Delhi,2018-11-10,18.8,52,1.4
Delhi,2018-11-11,26.4,84,0.0
Delhi,2018-11-12,15.2,67,0.0
Delhi,2018-11-13,24.3,64,0.0
Delhi,2018-11-14,17.5,67,0.0
Delhi,2018-11-15,20.3,43,2.1
Delhi,2018-11-16,17.3,50,0.0
Delhi,2018-11-17,26.6,64,0.0
Delhi,2018-11-18,19.1,71,0.0
Delhi,2018-11-19,28.2,73,0.0
Delhi,2018-11-20,23.7,77,0.0
Delhi,2018-11-21,17.1,67,0.0
Delhi,2018-11-22,28.5,72,4.8
Delhi,2018-11-23,18.9,86,0.0
Delhi,2018-11-24,24.0,65,0.0
Delhi,2018-11-25,21.0,90,0.0
Delhi,2018-11-26,25.7,64,0.0
Delhi,2018-11-27,21.0,81,0.0
Delhi,2018-11-28,18.8,62,4.5
Delhi,2018-11-29,16.2,41,0.0
Delhi,2018-11-30,20.8,89,0.0
Delhi,2018-12-01,10.7,64,0.3
Delhi,2018-12-02,12.5,81,0.0
Delhi,2018-12-03,18.2,66,2.3
Delhi,2018-12-04,14.6,90,3.4
Delhi,2018-12-05,9.3,84,0.0
Delhi,2018-12-06,16.8,83,1.4
Delhi,2018-12-07,9.4,77,0.0
Delhi,2018-12-08,8.8,83,3.0
Delhi,2018-12-09,6.4,52,0.0
Delhi,2018-12-10,8.7,72,0.0
Delhi,2018-12-11,19.9,78,0.0
Delhi,2018-12-12,7.5,84,0.0
Delhi,2018-12-13,9.4,55,4.2
Delhi,2018-12-14,11.2,87,0.0
Delhi,2018-12-15,6.6,77,0.0
Delhi,2018-12-16,7.3,76,2.1
Delhi,2018-12-17,19.9,71,0.0
Delhi,2018-12-18,17.2,61,0.0
Delhi,2018-12-19,19.8,62,0.0
Delhi,2018-12-20,7.3,73,0.0
Delhi,2018-12-21,13.6,86,1.8
Delhi,2018-12-22,10.0,52,0.0
Delhi,2018-12-23,16.6,71,0.0
Delhi,2018-12-24,17.6,73,0.1
Delhi,2018-12-25,8.2,48,0.1
Delhi,2018-12-26,11.4,78,0.0
Delhi,2018-12-27,7.5,45,0.0
Delhi,2018-12-28,15.4,47,0.0
Delhi,2018-12-29,16.2,64,0.0
Delhi,2018-12-30,13.3,82,4.3
Delhi,2018-12-31,16.2,72,1.8
Delhi,2019-01-01,10.9,71,0.0
Delhi,2019-01-02,13.6,74,0.0
Delhi,2019-01-03,9.6,69,4.9
Delhi,2019-01-04,11.0,41,3.8
Delhi,2019-01-05,8.7,49,0.0
Delhi,2019-01-06,13.9,73,0.0
Delhi,2019-01-07,10.7,74,0.0
Delhi,2019-01-08,14.7,48,0.0
Delhi,2019-01-09,11.2,56,1.0
Delhi,2019-01-10,15.9,76,0.0
Delhi,2019-01-11,6.1,65,0.0
Delhi,2019-01-12,8.6,56,0.0
Delhi,2019-01-13,18.0,73,3.2
Delhi,2019-01-14,6.1,89,0.0
Delhi,2019-01-15,9.6,67,0.0
Delhi,2019-01-16,13.6,86,4.9
Delhi,2019-01-17,6.6,55,0.0
Delhi,2019-01-18,6.8,74,0.1
Delhi,2019-01-19,9.1,49,0.6
Delhi,2019-01-20,15.7,64,1.8
Delhi,2019-01-21,15.6,82,0.0
Delhi,2019-01-22,8.3,51,0.0
Delhi,2019-01-23,13.7,62,0.0
Delhi,2019-01-24,16.7,52,0.4
Delhi,2019-01-25,8.5,55,0.0
Delhi,2019-01-26,19.5,69,3.8
Delhi,2019-01-27,12.9,41,4.7
Delhi,2019-01-28,9.2,48,3.8
Delhi,2019-01-29,9.7,45,0.0
Delhi,2019-01-30,19.3,41,2.0
Delhi,2019-01-31,18.6,70,3.2
Delhi,2019-02-01,24.5,86,0.0
Delhi,2019-02-02,14.0,54,0.0
Delhi,2019-02-03,26.4,67,0.0
Delhi,2019-02-04,29.4,75,0.0
Delhi,2019-02-05,16.6,82,3.5
Delhi,2019-02-06,28.7,46,0.0
Delhi,2019-02-07,26.9,43,0.0
Delhi,2019-02-08,29.2,73,0.0
Delhi,2019-02-09,16.3,65,0.0
Delhi,2019-02-10,20.6,79,0.0
Delhi,2019-02-11,17.7,84,0.0
Delhi,2019-02-12,22.3,75,0.0
Delhi,2019-02-13,14.4,78,4.2
Delhi,2019-02-14,18.9,42,0.0
Delhi,2019-02-15,26.5,85,5.0
Delhi,2019-02-16,24.6,69,1.8
Delhi,2019-02-17,25.7,79,0.0
Delhi,2019-02-18,22.4,51,0.0
Delhi,2019-02-19,25.0,72,0.0
Delhi,2019-02-20,24.2,53,0.0
Delhi,2019-02-21,21.9,78,1.6
Delhi,2019-02-22,29.2,50,0.0
Delhi,2019-02-23,18.4,79,2.2
Delhi,2019-02-24,29.8,62,0.0
Delhi,2019-02-25,12.1,69,0.0
Delhi,2019-02-26,13.5,56,0.0
Delhi,2019-02-27,14.8,81,0.0
Delhi,2019-02-28,17.9,66,0.0
Delhi,2019-03-01,29.6,65,4.3
Delhi,2019-03-02,20.9,51,2.3
Delhi,2019-03-03,27.3,87,5.0
Delhi,2019-03-04,29.4,54,2.9
Delhi,2019-03-05,18.4,53,0.0
Delhi,2019-03-06,25.6,40,0.0
Delhi,2019-03-07,24.5,42,0.0
Delhi,2019-03-08,20.5,61,0.0
Delhi,2019-03-09,13.6,50,0.0
Delhi,2019-03-10,16.2,67,0.0
Delhi,2019-03-11,16.0,63,0.0
Delhi,2019-03-12,27.6,46,0.0
Delhi,2019-03-13,29.5,76,0.0
Delhi,2019-03-14,12.4,61,3.3
Delhi,2019-03-15,23.2,87,0.0
Delhi,2019-03-16,18.9,89,0.0
Delhi,2019-03-17,15.7,81,2.0
Delhi,2019-03-18,27.7,68,0.0
Delhi,2019-03-19,28.5,90,0.0
Delhi,2019-03-20,13.0,46,0.0
Delhi,2019-03-21,22.8,57,0.0
Delhi,2019-03-22,27.0,59,0.0
Delhi,2019-03-23,17.6,64,0.0
Delhi,2019-03-24,27.7,80,0.0
Delhi,2019-03-25,17.4,61,3.2
Delhi,2019-03-26,16.9,40,0.0
Delhi,2019-03-27,12.6,85,2.8
Delhi,2019-03-28,12.1,88,0.6
Delhi,2019-03-29,14.5,82,2.7
Delhi,2019-03-30,26.4,67,0.0
Delhi,2019-03-31,23.5,77,3.4
Delhi,2019-04-01,32.2,35,0.0
Delhi,2019-04-02,27.5,27,3.1
Delhi,2019-04-03,33.1,26,0.0
Delhi,2019-04-04,35.2,24,2.8
Delhi,2019-04-05,39.9,46,0.7
Delhi,2019-04-06,31.8,56,0.0
Delhi,2019-04-07,25.7,21,0.0
Delhi,2019-04-08,43.5,20,0.0
Delhi,2019-04-09,30.1,58,1.6
Delhi,2019-04-10,37.6,23,0.7
Delhi,2019-04-11,32.0,33,0.0
Delhi,2019-04-12,33.1,49,3.0
Delhi,2019-04-13,27.1,24,0.0
Delhi,2019-04-14,42.4,47,0.0
Delhi,2019-04-15,37.4,46,0.0
Delhi,2019-04-16,42.1,24,0.0
Delhi,2019-04-17,36.5,51,1.5
Delhi,2019-04-18,43.1,37,0.0
Delhi,2019-04-19,39.3,50,0.0
Delhi,2019-04-20,28.2,32,3.3
Delhi,2019-04-21,31.2,52,0.0
Delhi,2019-04-22,32.6,49,0.0
Delhi,2019-04-23,37.2,26,0.0
Delhi,2019-04-24,32.7,30,0.0
Delhi,2019-04-25,30.7,43,2.8
Delhi,2019-04-26,40.2,36,0.0
Delhi,2019-04-27,29.3,24,0.0
Delhi,2019-04-28,36.8,34,0.0
Delhi,2019-04-29,28.8,51,0.0
Delhi,2019-04-30,38.9,48,4.0
Delhi,2019-05-01,43.9,21,2.5
Delhi,2019-05-02,29.3,56,0.0
Delhi,2019-05-03,43.6,52,0.0
Delhi,2019-05-04,29.1,59,0.0
Delhi,2019-05-05,35.0,34,0.0
Delhi,2019-05-06,39.6,53,2.7
Delhi,2019-05-07,41.8,47,4.8
Delhi,2019-05-08,31.2,51,0.0
Delhi,2019-05-09,42.0,25,0.0
Delhi,2019-05-10,44.7,39,2.0
Delhi,2019-05-11,40.8,52,0.0
Delhi,2019-05-12,31.1,57,0.0
Delhi,2019-05-13,43.9,38,0.0
Delhi,2019-05-14,41.8,36,1.0
Delhi,2019-05-15,36.3,44,2.0
Delhi,2019-05-16,35.9,33,1.3
Delhi,2019-05-17,36.2,59,0.0
Delhi,2019-05-18,44.3,31,0.0
Delhi,2019-05-19,31.4,37,0.1
Delhi,2019-05-20,42.0,52,0.0
Delhi,2019-05-21,38.5,45,3.2
Delhi,2019-05-22,26.5,52,0.0
Delhi,2019-05-23,43.1,28,0.0
Delhi,2019-05-24,35.9,31,0.0
Delhi,2019-05-25,26.5,46,0.0
Delhi,2019-05-26,42.9,38,0.0
Delhi,2019-05-27,26.4,37,0.0
Delhi,2019-05-28,40.2,55,0.0
Delhi,2019-05-29,25.1,59,0.0
Delhi,2019-05-30,44.0,51,4.7
Delhi,2019-05-31,32.1,44,3.5
Delhi,2019-06-01,40.7,30,0.0
Delhi,2019-06-02,43.0,37,4.3
Delhi,2019-06-03,30.9,60,0.0
Delhi,2019-06-04,28.0,29,1.3
Delhi,2019-06-05,41.3,53,1.4
Delhi,2019-06-06,31.5,54,0.3
Delhi,2019-06-07,44.7,26,0.0
Delhi,2019-06-08,36.3,37,1.7
Delhi,2019-06-09,26.8,43,0.0
Delhi,2019-06-10,36.3,37,0.0
Delhi,2019-06-11,43.6,53,0.0
Delhi,2019-06-12,37.8,23,0.0
Delhi,2019-06-13,28.7,29,0.0
Delhi,2019-06-14,37.4,42,0.0
Delhi,2019-06-15,29.0,28,0.0
Delhi,2019-06-16,31.9,21,0.0
Delhi,2019-06-17,35.0,47,0.0
Delhi,2019-06-18,41.5,51,0.0
Delhi,2019-06-19,43.9,45,0.0
Delhi,2019-06-20,28.6,23,0.0
Delhi,2019-06-21,34.4,31,0.0
Delhi,2019-06-22,29.4,20,1.0
Delhi,2019-06-23,38.0,40,0.0
Delhi,2019-06-24,44.9,58,4.4
Delhi,2019-06-25,37.8,48,0.0
Delhi,2019-06-26,25.0,46,0.0
Delhi,2019-06-27,30.6,43,1.8
Delhi,2019-06-28,39.7,46,0.0
Delhi,2019-06-29,37.6,26,3.6
Delhi,2019-06-30,37.5,45,4.8
Delhi,2019-07-01,28.5,85,0.0
Delhi,2019-07-02,29.5,83,0.0
Delhi,2019-07-03,31.6,72,0.0
Delhi,2019-07-04,33.5,88,0.0
Delhi,2019-07-05,30.0,88,0.0
Delhi,2019-07-06,28.2,89,0.0
Delhi,2019-07-07,33.6,68,0.0
Delhi,2019-07-08,29.1,93,0.0
Delhi,2019-07-09,30.6,89,0.0
Delhi,2019-07-10,30.6,63,0.0
Delhi,2019-07-11,25.2,71,0.0
Delhi,2019-07-12,26.4,90,0.0
Delhi,2019-07-13,31.0,85,18.6
Delhi,2019-07-14,34.4,89,0.0
Delhi,2019-07-15,26.3,86,0.0
Delhi,2019-07-16,28.4,81,0.0
Delhi,2019-07-17,28.8,78,3.4
Delhi,2019-07-18,32.6,69,0.0
Delhi,2019-07-19,33.2,82,0.0
Delhi,2019-07-20,29.3,88,0.0
Delhi,2019-07-21,26.6,88,0.0
Delhi,2019-07-22,26.2,89,0.0
Delhi,2019-07-23,31.2,82,0.0
Delhi,2019-07-24,29.8,66,0.0
Delhi,2019-07-25,27.2,92,0.0
Delhi,2019-07-26,26.2,78,0.0
Delhi,2019-07-27,26.5,75,0.0
Delhi,2019-07-28,27.5,94,0.0
Delhi,2019-07-29,33.3,89,46.8
Delhi,2019-07-30,25.4,77,0.0
Delhi,2019-07-31,27.6,72,0.0
Delhi,2019-08-01,32.1,95,0.0
Delhi,2019-08-02,34.8,82,0.0
Delhi,2019-08-03,26.2,68,10.9
Delhi,2019-08-04,25.3,71,0.0
Delhi,2019-08-05,33.8,68,0.0
Delhi,2019-08-06,34.7,60,0.0
Delhi,2019-08-07,30.5,94,0.0
Delhi,2019-08-08,30.4,78,0.0
Delhi,2019-08-09,26.0,85,0.0
Delhi,2019-08-10,28.6,81,0.0
Delhi,2019-08-11,28.0,65,0.0
Delhi,2019-08-12,25.8,95,0.0
Delhi,2019-08-13,32.9,93,25.1
Delhi,2019-08-14,26.7,90,0.0
Delhi,2019-08-15,25.3,74,0.0
Delhi,2019-08-16,27.7,82,0.0
Delhi,2019-08-17,27.7,68,17.7
Delhi,2019-08-18,29.5,65,0.0
Delhi,2019-08-19,29.0,61,29.2
Delhi,2019-08-20,27.4,88,0.0
Delhi,2019-08-21,32.0,90,0.0
Delhi,2019-08-22,34.5,64,0.0
Delhi,2019-08-23,26.0,64,31.4
Delhi,2019-08-24,29.2,62,0.0
Delhi,2019-08-25,26.4,67,0.0
Delhi,2019-08-26,34.4,71,0.0
Delhi,2019-08-27,27.0,82,0.0
Delhi,2019-08-28,29.8,92,0.0
Delhi,2019-08-29,29.0,88,0.0
Delhi,2019-08-30,27.3,82,38.4
Delhi,2019-08-31,29.7,90,0.0
Delhi,2019-09-01,30.4,68,31.1
Delhi,2019-09-02,34.1,85,0.0
Delhi,2019-09-03,34.4,76,0.0
Delhi,2019-09-04,33.4,76,0.0
Delhi,2019-09-05,30.4,66,0.0
Delhi,2019-09-06,33.6,81,0.0
Delhi,2019-09-07,30.5,93,0.0
Delhi,2019-09-08,33.9,92,0.0
Delhi,2019-09-09,34.5,81,0.0
Delhi,2019-09-10,32.9,63,15.8
Delhi,2019-09-11,34.0,81,19.2
Delhi,2019-09-12,33.4,80,0.0
Delhi,2019-09-13,34.4,77,1.9
Delhi,2019-09-14,27.1,92,0.0
Delhi,2019-09-15,28.3,62,0.0
Delhi,2019-09-16,29.1,83,0.0
Delhi,2019-09-17,31.4,61,0.0
Delhi,2019-09-18,30.6,88,0.0
Delhi,2019-09-19,28.8,78,0.0
Delhi,2019-09-20,25.9,60,0.0
Delhi,2019-09-21,27.3,60,0.0
Delhi,2019-09-22,29.9,79,0.0
Delhi,2019-09-23,31.3,66,0.0
Delhi,2019-09-24,32.2,76,0.0
Delhi,2019-09-25,33.3,78,0.0
Delhi,2019-09-26,32.4,88,0.0
Delhi,2019-09-27,32.5,71,0.0
Delhi,2019-09-28,32.0,61,9.2
Delhi,2019-09-29,25.6,80,0.0
Delhi,2019-09-30,30.9,90,14.7
Delhi,2019-10-01,15.1,51,0.0
Delhi,2019-10-02,21.5,41,2.9
Delhi,2019-10-03,17.2,78,0.0
Delhi,2019-10-04,18.0,66,3.1
Delhi,2019-10-05,24.9,75,0.0
Delhi,2019-10-06,23.9,88,0.0
Delhi,2019-10-07,22.1,49,0.0
Delhi,2019-10-08,23.6,83,0.0
Delhi,2019-10-09,22.8,57,0.0
Delhi,2019-10-10,28.4,48,4.3
Delhi,2019-10-11,17.7,60,0.8
Delhi,2019-10-12,24.4,86,0.0
Delhi,2019-10-13,20.8,60,0.0
Delhi,2019-10-14,18.7,57,0.0
Delhi,2019-10-15,23.8,46,0.0
Delhi,2019-10-16,16.4,48,0.0
Delhi,2019-10-17,25.0,89,2.9
Delhi,2019-10-18,20.0,59,4.2
Delhi,2019-10-19,20.6,86,0.0
Delhi,2019-10-20,15.6,53,0.2
Delhi,2019-10-21,17.3,76,2.6
Delhi,2019-10-22,22.7,69,0.0
Delhi,2019-10-23,29.5,43,0.0
Delhi,2019-10-24,17.8,74,3.6
Delhi,2019-10-25,21.0,82,0.0
Delhi,2019-10-26,19.0,60,0.0
Delhi,2019-10-27,17.5,77,0.0
Delhi,2019-10-28,25.3,49,0.0
Delhi,2019-10-29,23.0,81,0.0
Delhi,2019-10-30,21.4,53,2.9
Delhi,2019-10-31,20.6,53,0.0
Delhi,2019-11-01,20.6,59,0.0
Delhi,2019-11-02,18.4,43,0.0
Delhi,2019-11-03,25.6,50,2.4
Delhi,2019-11-04,26.5,56,0.0
Delhi,2019-11-05,19.6,48,1.6
Delhi,2019-11-06,29.4,81,0.0
Delhi,2019-11-07,24.9,90,0.0
Delhi,2019-11-08,21.1,59,0.0
Delhi,2019-11-09,16.0,60,0.0
Delhi,2019-11-10,25.1,57,0.0
Delhi,2019-11-11,24.5,80,0.0
Delhi,2019-11-12,26.8,47,0.0
Delhi,2019-11-13,15.5,83,1.5
Delhi,2019-11-14,25.7,82,0.0
Delhi,2019-11-15,23.2,62,0.0
Delhi,2019-11-16,21.7,47,1.5
Delhi,2019-11-17,16.5,53,0.0
Delhi,2019-11-18,16.5,48,0.0
Delhi,2019-11-19,16.6,67,0.0
Delhi,2019-11-20,28.7,40,0.4
Delhi,2019-11-21,16.6,67,0.0
Delhi,2019-11-22,25.3,51,0.0
Delhi,2019-11-23,20.3,85,0.0
Delhi,2019-11-24,16.0,61,0.0
Delhi,2019-11-25,24.5,56,1.9
Delhi,2019-11-26,19.0,80,0.0
Delhi,2019-11-27,25.6,85,0.0
Delhi,2019-11-28,18.3,50,0.0
Delhi,2019-11-29,15.1,90,3.6
Delhi,2019-11-30,16.1,73,1.3
Delhi,2019-12-01,8.7,45,0.0
Delhi,2019-12-02,19.7,80,0.0
Delhi,2019-12-03,16.6,66,0.1
Delhi,2019-12-04,14.6,60,0.0
Delhi,2019-12-05,8.3,73,0.0
Delhi,2019-12-06,19.5,86,1.4
Delhi,2019-12-07,18.3,59,0.0
Delhi,2019-12-08,11.5,68,0.0
Delhi,2019-12-09,13.7,74,0.0
Delhi,2019-12-10,5.5,73,0.0
Delhi,2019-12-11,7.5,58,0.0
Delhi,2019-12-12,7.7,74,4.4
Delhi,2019-12-13,6.6,50,0.0
Delhi,2019-12-14,14.3,63,0.0
Delhi,2019-12-15,15.9,41,0.7
Delhi,2019-12-16,13.1,45,0.6
Delhi,2019-12-17,10.4,51,0.0
Delhi,2019-12-18,11.3,44,0.0
Delhi,2019-12-19,9.5,55,0.0
Delhi,2019-12-20,13.6,46,1.5
Delhi,2019-12-21,13.3,76,0.0
Delhi,2019-12-22,16.8,84,0.0
Delhi,2019-12-23,15.3,56,0.7
Delhi,2019-12-24,5.6,70,3.4
Delhi,2019-12-25,16.5,56,4.1
Delhi,2019-12-26,6.2,76,2.1
Delhi,2019-12-27,10.3,56,3.2
Delhi,2019-12-28,12.0,75,0.0
Delhi,2019-12-29,19.9,57,0.0
Delhi,2019-12-30,8.5,87,0.0
Delhi,2019-12-31,10.9,66,0.0
Delhi,2020-01-01,12.0,44,0.3
Delhi,2020-01-02,14.0,67,1.0
Delhi,2020-01-03,11.3,45,0.0
Delhi,2020-01-04,9.3,85,0.0
Delhi,2020-01-05,17.7,85,0.0
Delhi,2020-01-06,9.8,41,0.0
Delhi,2020-01-07,9.3,50,0.0
Delhi,2020-01-08,10.2,61,4.5
Delhi,2020-01-09,16.2,89,0.0
Delhi,2020-01-10,12.1,48,0.0
Delhi,2020-01-11,9.0,53,0.0
Delhi,2020-01-12,7.9,54,3.8
Delhi,2020-01-13,7.0,84,0.0
Delhi,2020-01-14,12.4,50,0.0
Delhi,2020-01-15,16.1,56,0.0
Delhi,2020-01-16,7.2,40,0.0
Delhi,2020-01-17,12.7,90,3.2
Delhi,2020-01-18,7.8,80,1.3
Delhi,2020-01-19,15.8,55,3.6
Delhi,2020-01-20,15.3,84,0.0
Delhi,2020-01-21,17.8,44,0.4
Delhi,2020-01-22,7.2,64,0.0
Delhi,2020-01-23,16.7,83,0.3
Delhi,2020-01-24,7.1,77,0.0
Delhi,2020-01-25,14.5,68,1.9
Delhi,2020-01-26,10.0,60,3.3
Delhi,2020-01-27,10.1,45,0.0
Delhi,2020-01-28,5.3,88,0.0
Delhi,2020-01-29,15.8,49,1.2
Delhi,2020-01-30,15.3,76,4.5
Delhi,2020-01-31,7.9,79,3.8
Delhi,2020-02-01,13.0,59,0.0
Delhi,2020-02-02,22.7,51,0.0
Delhi,2020-02-03,19.9,89,0.8
Delhi,2020-02-04,12.1,42,0.6
Delhi,2020-02-05,19.4,47,1.8
Delhi,2020-02-06,20.6,74,0.0
Delhi,2020-02-07,19.9,49,0.0
Delhi,2020-02-08,13.5,87,4.4
Delhi,2020-02-09,12.2,54,0.0
Delhi,2020-02-10,26.7,50,0.0
Delhi,2020-02-11,14.1,80,0.0
Delhi,2020-02-12,25.2,66,0.1
Delhi,2020-02-13,13.6,71,0.0
Delhi,2020-02-14,13.6,78,0.0
Delhi,2020-02-15,15.5,54,0.0
Delhi,2020-02-16,17.0,79,1.8
Delhi,2020-02-17,18.0,70,0.0
Delhi,2020-02-18,22.8,71,0.0
Delhi,2020-02-19,17.0,49,0.7
Delhi,2020-02-20,29.5,41,0.0
Delhi,2020-02-21,18.2,40,0.0
Delhi,2020-02-22,22.9,52,0.0
Delhi,2020-02-23,12.8,55,0.0
Delhi,2020-02-24,29.9,52,0.0
Delhi,2020-02-25,28.8,67,0.0
Delhi,2020-02-26,16.9,46,0.0
Delhi,2020-02-27,25.2,53,0.0
Delhi,2020-02-28,27.0,66,1.9
Delhi,2020-02-29,21.8,76,0.0
Delhi,2020-03-01,13.6,67,0.5
Delhi,2020-03-02,23.9,70,0.0
Delhi,2020-03-03,17.6,48,4.6
Delhi,2020-03-04,21.2,50,3.0
Delhi,2020-03-05,14.5,90,2.1
Delhi,2020-03-06,25.5,45,1.4
Delhi,2020-03-07,13.6,52,1.4
Delhi,2020-03-08,24.8,47,0.0
Delhi,2020-03-09,29.7,81,0.7
Delhi,2020-03-10,27.0,70,0.0
Delhi,2020-03-11,20.1,46,0.0
Delhi,2020-03-12,20.6,71,0.0
Delhi,2020-03-13,27.2,56,4.7
Delhi,2020-03-14,26.7,54,0.0
Delhi,2020-03-15,29.7,90,0.0
Delhi,2020-03-16,14.0,61,0.9
Delhi,2020-03-17,27.5,54,0.0
Delhi,2020-03-18,16.3,48,0.0
Delhi,2020-03-19,22.7,73,0.0
Delhi,2020-03-20,15.5,48,0.0
Delhi,2020-03-21,15.4,69,0.0
Delhi,2020-03-22,25.4,67,0.3
Delhi,2020-03-23,21.9,81,0.0
Delhi,2020-03-24,29.9,89,1.0
Delhi,2020-03-25,16.0,65,0.0
Delhi,2020-03-26,29.4,85,0.0
Delhi,2020-03-27,21.1,68,4.8
Delhi,2020-03-28,19.4,79,2.8
Delhi,2020-03-29,20.4,74,2.5
Delhi,2020-03-30,23.5,67,0.0
Delhi,2020-03-31,16.4,49,0.0
Delhi,2020-04-01,41.7,57,0.0
Delhi,2020-04-02,32.6,23,0.0
Delhi,2020-04-03,32.0,24,0.0
Delhi,2020-04-04,44.7,39,0.0
Delhi,2020-04-05,28.8,40,2.0
Delhi,2020-04-06,42.3,49,0.6
Delhi,2020-04-07,31.1,31,3.6
Delhi,2020-04-08,35.8,39,0.6
Delhi,2020-04-09,34.9,25,2.6
Delhi,2020-04-10,26.4,49,3.8
Delhi,2020-04-11,40.7,51,0.0
Delhi,2020-04-12,40.8,27,0.0
Delhi,2020-04-13,39.4,36,3.7
Delhi,2020-04-14,37.3,60,0.0
Delhi,2020-04-15,30.1,26,2.8
Delhi,2020-04-16,42.0,47,3.5
Delhi,2020-04-17,41.8,33,0.0
Delhi,2020-04-18,40.7,50,0.0
Delhi,2020-04-19,29.7,24,0.0
Delhi,2020-04-20,32.7,52,0.0
Delhi,2020-04-21,41.1,23,0.0
Delhi,2020-04-22,34.4,49,0.0
Delhi,2020-04-23,38.1,31,0.0
Delhi,2020-04-24,29.1,30,0.0
Delhi,2020-04-25,39.0,22,0.5
Delhi,2020-04-26,29.4,23,0.4
Delhi,2020-04-27,35.6,38,1.4
Delhi,2020-04-28,26.8,42,0.0
Delhi,2020-04-29,33.5,48,0.0
Delhi,2020-04-30,39.1,48,0.0
Delhi,2020-05-01,34.4,58,2.7
Delhi,2020-05-02,30.6,24,0.0
Delhi,2020-05-03,32.4,48,0.0
Delhi,2020-05-04,31.0,30,0.0
Delhi,2020-05-05,28.6,30,1.7
Delhi,2020-05-06,37.0,35,0.0
Delhi,2020-05-07,41.3,45,2.1
Delhi,2020-05-08,44.5,20,4.5
Delhi,2020-05-09,32.2,48,0.0
Delhi,2020-05-10,27.9,47,4.9
Delhi,2020-05-11,29.9,22,0.0
Delhi,2020-05-12,44.8,47,0.0
Delhi,2020-05-13,41.2,54,2.3
Delhi,2020-05-14,37.6,60,0.0
Delhi,2020-05-15,44.3,34,0.0
Delhi,2020-05-16,42.3,44,0.0
Delhi,2020-05-17,44.0,29,0.0
Delhi,2020-05-18,31.7,55,0.0
Delhi,2020-05-19,35.1,36,4.8
Delhi,2020-05-20,36.4,58,0.0
Delhi,2020-05-21,43.0,46,0.0
Delhi,2020-05-22,30.1,45,0.0
Delhi,2020-05-23,34.1,22,0.0
Delhi,2020-05-24,43.6,48,0.0
Delhi,2020-05-25,39.3,30,0.0
Delhi,2020-05-26,38.5,39,1.0
Delhi,2020-05-27,30.4,28,0.7
Delhi,2020-05-28,41.4,21,0.0
Delhi,2020-05-29,31.1,29,3.8
Delhi,2020-05-30,38.2,20,0.0
Delhi,2020-05-31,26.1,42,0.3
Delhi,2020-06-01,43.7,32,0.2
Delhi,2020-06-02,41.2,49,4.7
Delhi,2020-06-03,43.7,21,0.0
Delhi,2020-06-04,42.2,39,0.0
Delhi,2020-06-05,25.7,55,0.0
Delhi,2020-06-06,37.5,39,0.0
Delhi,2020-06-07,26.1,33,0.0
Delhi,2020-06-08,41.8,54,3.6
Delhi,2020-06-09,27.4,52,0.0
Delhi,2020-06-10,29.3,58,2.8
Delhi,2020-06-11,36.0,28,0.0
Delhi,2020-06-12,30.3,21,3.8
Delhi,2020-06-13,28.0,51,0.0
Delhi,2020-06-14,42.5,33,4.7
Delhi,2020-06-15,38.3,55,0.0
Delhi,2020-06-16,41.7,60,0.0
Delhi,2020-06-17,43.3,42,0.0
Delhi,2020-06-18,39.3,58,0.0
Delhi,2020-06-19,43.0,52,4.9
Delhi,2020-06-20,33.8,21,0.0
Delhi,2020-06-21,37.1,42,0.0
Delhi,2020-06-22,40.3,34,4.1
Delhi,2020-06-23,33.8,24,0.0
Delhi,2020-06-24,39.8,44,2.5
Delhi,2020-06-25,33.6,56,0.0
Delhi,2020-06-26,37.8,56,0.0
Delhi,2020-06-27,44.7,57,0.0
Delhi,2020-06-28,29.8,55,0.0
Delhi,2020-06-29,38.2,21,0.0
Delhi,2020-06-30,27.1,27,0.0
Delhi,2020-07-01,29.8,94,0.0
Delhi,2020-07-02,27.5,79,0.0
Delhi,2020-07-03,28.6,88,0.0
Delhi,2020-07-04,33.7,87,0.0
Delhi,2020-07-05,30.0,94,26.6
Delhi,2020-07-06,34.4,86,0.0
Delhi,2020-07-07,29.2,87,0.0
Delhi,2020-07-08,30.8,94,0.0
Delhi,2020-07-09,30.6,92,0.0
Delhi,2020-07-10,30.7,70,0.0
Delhi,2020-07-11,25.8,68,0.0
Delhi,2020-07-12,25.3,78,0.0
Delhi,2020-07-13,26.4,85,0.0
Delhi,2020-07-14,32.8,77,0.0
Delhi,2020-07-15,33.9,64,0.0
Delhi,2020-07-16,29.3,67,4.0
Delhi,2020-07-17,27.3,71,0.0
Delhi,2020-07-18,28.5,72,0.0
Delhi,2020-07-19,29.5,89,0.0
Delhi,2020-07-20,31.8,72,0.0
Delhi,2020-07-21,34.4,71,0.0
Delhi,2020-07-22,26.7,64,0.0
Delhi,2020-07-23,34.5,68,0.0
Delhi,2020-07-24,32.6,85,0.0
Delhi,2020-07-25,25.0,86,0.0
Delhi,2020-07-26,33.1,84,0.0
Delhi,2020-07-27,26.6,91,0.0
Delhi,2020-07-28,33.1,80,0.0
Delhi,2020-07-29,26.2,73,0.0
Delhi,2020-07-30,27.6,94,0.0
Delhi,2020-07-31,26.1,76,0.0
Delhi,2020-08-01,29.6,80,14.9
Delhi,2020-08-02,26.4,83,0.0
Delhi,2020-08-03,29.5,78,0.0
Delhi,2020-08-04,35.0,90,22.1
Delhi,2020-08-05,32.9,68,10.8
Delhi,2020-08-06,27.9,67,18.9
Delhi,2020-08-07,33.2,87,0.0
Delhi,2020-08-08,29.4,73,38.3
Delhi,2020-08-09,30.1,90,0.0
Delhi,2020-08-10,34.9,64,0.0
Delhi,2020-08-11,25.8,86,0.0
Delhi,2020-08-12,34.6,76,0.0
Delhi,2020-08-13,31.7,66,0.0
Delhi,2020-08-14,31.1,71,0.0
Delhi,2020-08-15,30.4,95,0.0
Delhi,2020-08-16,26.4,72,0.0
Delhi,2020-08-17,25.8,77,37.0
Delhi,2020-08-18,25.0,66,0.0
Delhi,2020-08-19,27.4,65,12.6
Delhi,2020-08-20,30.1,68,0.0
Delhi,2020-08-21,26.5,76,0.0
Delhi,2020-08-22,33.4,63,27.9
Delhi,2020-08-23,27.6,65,0.0
Delhi,2020-08-24,29.2,63,0.0
Delhi,2020-08-25,25.5,81,0.0
Delhi,2020-08-26,34.1,63,0.0
Delhi,2020-08-27,30.5,77,0.0
Delhi,2020-08-28,25.3,84,0.0
Delhi,2020-08-29,27.1,92,0.0
Delhi,2020-08-30,32.9,60,21.6
Delhi,2020-08-31,27.6,84,0.0
Delhi,2020-09-01,31.6,92,0.0
Delhi,2020-09-02,32.9,64,0.0
Delhi,2020-09-03,26.5,75,0.0
Delhi,2020-09-04,30.6,93,20.6
Delhi,2020-09-05,27.5,67,17.2
Delhi,2020-09-06,29.7,80,27.9
Delhi,2020-09-07,27.4,80,0.0
Delhi,2020-09-08,29.1,86,0.0
Delhi,2020-09-09,30.3,65,0.0
Delhi,2020-09-10,33.5,90,0.0
Delhi,2020-09-11,33.2,86,0.0
Delhi,2020-09-12,30.3,93,0.0
Delhi,2020-09-13,32.1,93,0.0
Delhi,2020-09-14,33.7,88,0.0
Delhi,2020-09-15,28.8,91,0.0
Delhi,2020-09-16,29.1,90,0.0
Delhi,2020-09-17,31.5,94,9.5
Delhi,2020-09-18,31.0,86,0.0
Delhi,2020-09-19,33.7,94,39.7
Delhi,2020-09-20,30.1,90,0.0
Delhi,2020-09-21,30.2,77,46.8
Delhi,2020-09-22,26.3,78,0.0
Delhi,2020-09-23,29.2,83,0.0
Delhi,2020-09-24,31.6,73,0.0
Delhi,2020-09-25,25.5,90,0.0
Delhi,2020-09-26,32.8,72,0.0
Delhi,2020-09-27,27.1,74,0.0
Delhi,2020-09-28,33.4,81,0.0
Delhi,2020-09-29,27.4,94,0.0
Delhi,2020-09-30,34.5,89,49.8
Delhi,2020-10-01,21.6,42,0.0
Delhi,2020-10-02,16.0,43,0.0
Delhi,2020-10-03,19.5,68,0.0
Delhi,2020-10-04,29.5,60,1.9
Delhi,2020-10-05,22.1,85,0.0
Delhi,2020-10-06,26.7,85,0.0
Delhi,2020-10-07,26.8,79,3.3
Delhi,2020-10-08,23.5,82,0.0
Delhi,2020-10-09,18.3,79,0.0
Delhi,2020-10-10,20.5,42,1.6
Delhi,2020-10-11,16.3,62,0.0
Delhi,2020-10-12,29.7,56,0.4
Delhi,2020-10-13,24.3,66,0.0
Delhi,2020-10-14,18.8,40,0.0
Delhi,2020-10-15,19.6,80,0.0
Delhi,2020-10-16,21.1,85,0.0
Delhi,2020-10-17,25.3,73,0.0
Delhi,2020-10-18,28.7,68,3.1
Delhi,2020-10-19,20.3,80,0.0
Delhi,2020-10-20,23.1,71,0.0
Delhi,2020-10-21,15.1,67,0.0
Delhi,2020-10-22,26.6,75,4.0
Delhi,2020-10-23,17.1,61,1.4
Delhi,2020-10-24,17.1,55,0.0
Delhi,2020-10-25,29.3,71,0.0
Delhi,2020-10-26,20.6,81,0.0
Delhi,2020-10-27,16.4,58,3.9
Delhi,2020-10-28,26.1,80,0.0
Delhi,2020-10-29,23.3,83,0.0
Delhi,2020-10-30,25.7,77,0.0
Delhi,2020-10-31,17.3,57,0.0
Delhi,2020-11-01,22.5,56,1.5
Delhi,2020-11-02,26.3,57,0.0
Delhi,2020-11-03,28.6,46,0.0
Delhi,2020-11-04,19.8,53,0.0
Delhi,2020-11-05,26.7,56,3.2
Delhi,2020-11-06,27.0,58,0.0
Delhi,2020-11-07,26.3,89,2.8
Delhi,2020-11-08,15.9,74,0.0
Delhi,2020-11-09,18.2,86,0.0
Delhi,2020-11-10,28.5,90,0.0
Delhi,2020-11-11,24.3,68,0.0
Delhi,2020-11-12,15.5,46,0.0
Delhi,2020-11-13,17.3,81,2.7
Delhi,2020-11-14,17.7,71,4.5
Delhi,2020-11-15,28.4,53,0.0
Delhi,2020-11-16,21.8,61,0.0
Delhi,2020-11-17,27.0,61,3.6
Delhi,2020-11-18,20.1,85,4.7
Delhi,2020-11-19,17.4,77,0.0
Delhi,2020-11-20,24.7,63,0.0
Delhi,2020-11-21,26.9,55,0.0
Delhi,2020-11-22,22.7,48,0.0
Delhi,2020-11-23,15.1,64,0.0
Delhi,2020-11-24,21.1,82,0.0
Delhi,2020-11-25,26.0,65,0.0
Delhi,2020-11-26,16.3,68,0.8
Delhi,2020-11-27,29.2,53,2.1
Delhi,2020-11-28,20.6,64,0.0
Delhi,2020-11-29,21.7,74,0.0
Delhi,2020-11-30,16.9,59,0.0
Delhi,2020-12-01,14.7,48,0.0
Delhi,2020-12-02,5.8,51,0.0
Delhi,2020-12-03,12.7,69,3.6
Delhi,2020-12-04,14.3,80,0.0
Delhi,2020-12-05,6.6,70,3.4
Delhi,2020-12-06,9.2,73,0.0
Delhi,2020-12-07,18.8,54,0.0
Delhi,2020-12-08,15.3,83,0.0
Delhi,2020-12-09,18.6,85,0.0
Delhi,2020-12-10,11.9,52,0.0
Delhi,2020-12-11,8.5,66,0.0
Delhi,2020-12-12,7.3,86,3.0
Delhi,2020-12-13,11.8,89,0.0
Delhi,2020-12-14,12.4,62,0.0
Delhi,2020-12-15,19.8,41,0.0
Delhi,2020-12-16,11.3,57,2.2
Delhi,2020-12-17,16.7,51,0.0
Delhi,2020-12-18,6.6,81,0.0
Delhi,2020-12-19,6.8,78,4.5
Delhi,2020-12-20,11.7,65,2.6
Delhi,2020-12-21,16.4,58,0.0
Delhi,2020-12-22,18.1,75,0.0
Delhi,2020-12-23,11.5,59,0.0
Delhi,2020-12-24,15.3,87,0.0
Delhi,2020-12-25,10.8,65,0.0
Delhi,2020-12-26,8.4,48,0.0
Delhi,2020-12-27,13.8,41,0.0
Delhi,2020-12-28,19.3,58,3.7
Delhi,2020-12-29,9.3,73,0.0
Delhi,2020-12-30,19.4,81,0.2
Delhi,2020-12-31,13.6,44,0.0
Delhi,2021-01-01,5.5,69,0.0
Delhi,2021-01-02,16.1,50,4.7
Delhi,2021-01-03,18.7,78,3.5
Delhi,2021-01-04,7.2,64,0.0
Delhi,2021-01-05,11.2,51,3.1
Delhi,2021-01-06,8.9,72,0.0
Delhi,2021-01-07,17.3,66,0.0
Delhi,2021-01-08,6.8,70,1.5
Delhi,2021-01-09,19.8,60,0.0
Delhi,2021-01-10,5.4,86,0.8
Delhi,2021-01-11,12.0,70,0.0
Delhi,2021-01-12,18.0,42,0.0
Delhi,2021-01-13,12.4,90,3.6
Delhi,2021-01-14,14.6,89,1.8
Delhi,2021-01-15,14.8,89,0.0
Delhi,2021-01-16,18.2,43,0.0
Delhi,2021-01-17,11.4,54,4.1
Delhi,2021-01-18,12.0,57,0.0
Delhi,2021-01-19,10.6,49,1.2
Delhi,2021-01-20,8.6,90,1.3
Delhi,2021-01-21,9.8,87,0.0
Delhi,2021-01-22,12.6,48,0.0
Delhi,2021-01-23,16.6,71,0.0
Delhi,2021-01-24,11.2,43,4.7
Delhi,2021-01-25,15.9,83,0.0
Delhi,2021-01-26,17.2,42,0.0
Delhi,2021-01-27,12.3,81,0.0
Delhi,2021-01-28,17.5,79,0.0
Delhi,2021-01-29,7.4,68,0.0
Delhi,2021-01-30,11.3,58,0.0
Delhi,2021-01-31,18.2,64,0.0
Delhi,2021-02-01,20.2,89,3.0
Delhi,2021-02-02,30.0,70,0.0
Delhi,2021-02-03,17.4,52,0.0
Delhi,2021-02-04,13.1,86,0.7
Delhi,2021-02-05,19.6,63,0.0
Delhi,2021-02-06,23.4,59,0.0
Delhi,2021-02-07,21.1,54,0.0
Delhi,2021-02-08,29.2,73,0.0
Delhi,2021-02-09,15.2,44,3.7
Delhi,2021-02-10,15.5,84,0.0
Delhi,2021-02-11,16.1,78,0.0
Delhi,2021-02-12,21.5,72,0.0
Delhi,2021-02-13,24.7,67,0.0
Delhi,2021-02-14,24.6,52,0.0
Delhi,2021-02-15,22.7,86,0.0
Delhi,2021-02-16,16.4,53,0.0
Delhi,2021-02-17,28.4,78,0.0
Delhi,2021-02-18,25.1,61,0.0
Delhi,2021-02-19,18.3,79,0.0
Delhi,2021-02-20,18.6,69,0.0
Delhi,2021-02-21,22.7,74,0.0
Delhi,2021-02-22,17.8,70,4.3
Delhi,2021-02-23,18.0,51,0.0
Delhi,2021-02-24,15.7,48,0.0
Delhi,2021-02-25,18.9,47,0.0
Delhi,2021-02-26,13.3,41,0.0
Delhi,2021-02-27,25.1,49,0.0
Delhi,2021-02-28,20.7,49,4.7
Delhi,2021-03-01,19.5,79,2.9
Delhi,2021-03-02,12.9,43,0.0
Delhi,2021-03-03,16.2,74,0.0
Delhi,2021-03-04,28.4,40,2.3
Delhi,2021-03-05,13.2,88,0.0
Delhi,2021-03-06,19.3,52,0.0
Delhi,2021-03-07,24.8,49,0.0
Delhi,2021-03-08,17.7,75,0.0
Delhi,2021-03-09,29.1,75,2.7
Delhi,2021-03-10,29.2,60,0.9
Delhi,2021-03-11,24.2,70,0.0
Delhi,2021-03-12,14.2,47,0.0
Delhi,2021-03-13,18.4,68,0.0
Delhi,2021-03-14,13.4,81,0.0
Delhi,2021-03-15,29.5,56,2.7
Delhi,2021-03-16,20.8,45,0.0
Delhi,2021-03-17,17.9,63,2.2
Delhi,2021-03-18,20.0,40,0.0
Delhi,2021-03-19,19.5,80,1.2
Delhi,2021-03-20,15.8,75,0.0
Delhi,2021-03-21,27.7,68,0.0
Delhi,2021-03-22,26.5,75,0.0
Delhi,2021-03-23,12.3,46,0.0
Delhi,2021-03-24,28.4,61,4.8
Delhi,2021-03-25,19.9,60,0.0
Delhi,2021-03-26,15.9,49,0.0
Delhi,2021-03-27,14.5,50,0.0
Delhi,2021-03-28,19.0,62,0.0
Delhi,2021-03-29,25.8,50,0.6
Delhi,2021-03-30,26.0,85,0.0
Delhi,2021-03-31,21.8,48,0.0
Delhi,2021-04-01,27.4,20,0.8
Delhi,2021-04-02,28.1,40,0.0
Delhi,2021-04-03,26.0,48,0.0
Delhi,2021-04-04,30.4,37,0.0
Delhi,2021-04-05,29.8,37,3.7
Delhi,2021-04-06,29.0,38,0.0
Delhi,2021-04-07,28.4,53,0.0
Delhi,2021-04-08,41.6,27,0.9
Delhi,2021-04-09,32.8,29,0.0
Delhi,2021-04-10,42.6,41,0.0
Delhi,2021-04-11,37.9,37,0.0
Delhi,2021-04-12,35.0,33,1.1
Delhi,2021-04-13,43.8,20,0.0
Delhi,2021-04-14,36.2,38,0.1
Delhi,2021-04-15,28.2,39,3.1
Delhi,2021-04-16,28.0,47,2.6
Delhi,2021-04-17,40.2,31,0.0
Delhi,2021-04-18,36.6,56,1.9
Delhi,2021-04-19,36.8,57,0.0
Delhi,2021-04-20,36.7,25,0.0
Delhi,2021-04-21,28.6,28,1.7
Delhi,2021-04-22,40.7,56,0.0
Delhi,2021-04-23,43.3,48,0.0
Delhi,2021-04-24,45.0,52,1.0
Delhi,2021-04-25,29.1,57,0.0
Delhi,2021-04-26,30.1,42,0.0
Delhi,2021-04-27,39.7,44,0.0
Delhi,2021-04-28,31.8,51,0.0
Delhi,2021-04-29,44.7,50,4.2
Delhi,2021-04-30,29.9,60,0.0
Delhi,2021-05-01,35.8,35,0.0
Delhi,2021-05-02,42.3,58,0.9
Delhi,2021-05-03,25.1,23,0.2
Delhi,2021-05-04,25.0,49,0.0
Delhi,2021-05-05,42.8,20,0.0
Delhi,2021-05-06,30.5,21,0.0
Delhi,2021-05-07,26.7,45,3.4
Delhi,2021-05-08,43.9,31,0.0
Delhi,2021-05-09,30.5,53,0.0
Delhi,2021-05-10,25.0,53,4.1
Delhi,2021-05-11,42.6,48,0.2
Delhi,2021-05-12,31.9,31,4.0
Delhi,2021-05-13,37.7,40,0.0
Delhi,2021-05-14,42.9,35,1.6
Delhi,2021-05-15,25.9,41,3.8
Delhi,2021-05-16,43.6,30,2.2
Delhi,2021-05-17,33.2,46,1.0
Delhi,2021-05-18,37.9,60,0.0
Delhi,2021-05-19,37.3,49,0.0
Delhi,2021-05-20,41.4,45,3.0
Delhi,2021-05-21,35.2,22,4.3
Delhi,2021-05-22,30.8,59,2.2
Delhi,2021-05-23,40.9,25,2.5
Delhi,2021-05-24,37.2,35,0.0
Delhi,2021-05-25,30.9,42,0.0
Delhi,2021-05-26,36.3,43,4.2
Delhi,2021-05-27,33.0,36,0.0
Delhi,2021-05-28,44.0,47,0.4
Delhi,2021-05-29,26.5,27,1.8
Delhi,2021-05-30,40.6,25,0.0
Delhi,2021-05-31,34.3,28,0.0
Delhi,2021-06-01,42.9,39,0.0
Delhi,2021-06-02,35.9,39,0.0
Delhi,2021-06-03,26.4,50,0.0
Delhi,2021-06-04,34.3,51,0.0
Delhi,2021-06-05,28.9,36,0.0
Delhi,2021-06-06,39.5,33,0.0
Delhi,2021-06-07,28.8,35,0.0
Delhi,2021-06-08,30.0,27,1.9
Delhi,2021-06-09,41.5,42,0.0
Delhi,2021-06-10,39.3,56,4.7
Delhi,2021-06-11,37.7,47,3.3
Delhi,2021-06-12,26.2,32,1.1
Delhi,2021-06-13,40.5,35,0.0
Delhi,2021-06-14,42.5,60,0.0
Delhi,2021-06-15,31.8,30,0.0
Delhi,2021-06-16,31.4,28,0.0
Delhi,2021-06-17,26.1,26,0.0
Delhi,2021-06-18,25.4,22,4.1
Delhi,2021-06-19,34.4,37,0.0
Delhi,2021-06-20,33.3,58,0.0
Delhi,2021-06-21,35.2,43,0.0
Delhi,2021-06-22,39.6,59,0.0
Delhi,2021-06-23,35.2,28,4.4
Delhi,2021-06-24,42.7,24,3.3
Delhi,2021-06-25,35.0,55,0.0
Delhi,2021-06-26,39.4,37,1.1
Delhi,2021-06-27,36.5,38,0.0
Delhi,2021-06-28,38.3,53,0.9
Delhi,2021-06-29,30.5,33,0.0
Delhi,2021-06-30,34.0,51,0.0
Delhi,2021-07-01,31.6,73,0.0
Delhi,2021-07-02,25.6,92,0.0
Delhi,2021-07-03,27.3,73,0.0
Delhi,2021-07-04,30.1,69,0.0
Delhi,2021-07-05,31.5,69,0.0
Delhi,2021-07-06,26.3,94,0.0
Delhi,2021-07-07,30.5,87,0.0
Delhi,2021-07-08,30.8,61,0.0
Delhi,2021-07-09,32.2,83,0.0
Delhi,2021-07-10,29.6,86,0.0
Delhi,2021-07-11,29.6,80,0.0
Delhi,2021-07-12,25.7,74,0.0
Delhi,2021-07-13,25.0,93,8.9
Delhi,2021-07-14,27.2,92,0.0
Delhi,2021-07-15,34.6,80,0.0
Delhi,2021-07-16,31.0,84,0.0
Delhi,2021-07-17,29.1,72,0.0
Delhi,2021-07-18,28.9,62,34.3
Delhi,2021-07-19,31.0,61,0.0
Delhi,2021-07-20,30.2,93,0.0
Delhi,2021-07-21,32.3,66,0.0
Delhi,2021-07-22,34.2,91,0.0
Delhi,2021-07-23,31.8,90,29.4
Delhi,2021-07-24,34.6,89,0.0
Delhi,2021-07-25,27.8,67,0.0
Delhi,2021-07-26,31.0,81,0.0
Delhi,2021-07-27,26.7,67,0.0
Delhi,2021-07-28,26.7,75,0.0
Delhi,2021-07-29,28.4,78,35.1
Delhi,2021-07-30,33.3,89,0.0
Delhi,2021-07-31,26.1,76,0.0
Delhi,2021-08-01,26.4,85,0.0
Delhi,2021-08-02,28.4,77,0.0
Delhi,2021-08-03,25.6,63,0.0
Delhi,2021-08-04,29.6,85,41.9
Delhi,2021-08-05,28.2,71,22.6
Delhi,2021-08-06,26.5,91,0.0
Delhi,2021-08-07,33.7,94,0.0
Delhi,2021-08-08,33.8,60,0.0
Delhi,2021-08-09,27.2,66,18.8
Delhi,2021-08-10,29.1,72,0.0
Delhi,2021-08-11,25.5,65,0.0
Delhi,2021-08-12,26.9,84,31.1
Delhi,2021-08-13,25.0,78,0.0
Delhi,2021-08-14,34.1,91,0.0
Delhi,2021-08-15,31.8,76,0.0
Delhi,2021-08-16,31.4,76,0.0
Delhi,2021-08-17,25.6,63,43.0
Delhi,2021-08-18,26.9,73,0.0
Delhi,2021-08-19,31.3,90,0.0
Delhi,2021-08-20,25.5,95,45.5
Delhi,2021-08-21,25.4,62,0.0
Delhi,2021-08-22,34.3,82,0.0
Delhi,2021-08-23,28.1,90,0.0
Delhi,2021-08-24,25.3,78,0.0
Delhi,2021-08-25,27.6,80,0.0
Delhi,2021-08-26,33.5,70,0.0
Delhi,2021-08-27,25.1,66,0.0
Delhi,2021-08-28,31.2,83,0.0
Delhi,2021-08-29,32.4,71,0.0
Delhi,2021-08-30,31.2,87,0.0
Delhi,2021-08-31,31.4,63,0.0
Delhi,2021-09-01,27.7,93,0.0
Delhi,2021-09-02,25.2,71,0.0
Delhi,2021-09-03,25.4,65,5.4
Delhi,2021-09-04,33.8,65,0.0
Delhi,2021-09-05,33.4,78,0.0
Delhi,2021-09-06,32.0,81,0.0
Delhi,2021-09-07,25.0,92,0.0
Delhi,2021-09-08,26.1,88,22.3
Delhi,2021-09-09,31.0,73,0.0
Delhi,2021-09-10,32.6,67,16.1
Delhi,2021-09-11,27.2,60,47.0
Delhi,2021-09-12,31.6,95,0.0
Delhi,2021-09-13,34.9,86,25.7
Delhi,2021-09-14,34.7,94,0.0
Delhi,2021-09-15,33.7,87,0.0
Delhi,2021-09-16,31.2,68,0.0
Delhi,2021-09-17,28.2,66,0.0
Delhi,2021-09-18,25.9,79,0.0
Delhi,2021-09-19,30.0,86,0.0
Delhi,2021-09-20,30.0,83,0.0
Delhi,2021-09-21,27.9,70,21.3
Delhi,2021-09-22,33.7,79,14.0
Delhi,2021-09-23,33.7,62,34.8
Delhi,2021-09-24,33.3,86,48.4
Delhi,2021-09-25,26.9,78,0.0
Delhi,2021-09-26,28.9,93,0.0
Delhi,2021-09-27,33.9,79,0.0
Delhi,2021-09-28,29.4,71,0.0
Delhi,2021-09-29,32.6,72,2.9
Delhi,2021-09-30,34.8,63,0.0
Delhi,2021-10-01,19.5,63,0.0
Delhi,2021-10-02,15.9,78,0.0
Delhi,2021-10-03,26.0,90,2.5
Delhi,2021-10-04,20.6,77,4.7
Delhi,2021-10-05,20.6,78,0.0
Delhi,2021-10-06,17.8,69,0.0
Delhi,2021-10-07,21.0,58,0.0
Delhi,2021-10-08,26.9,40,3.4
Delhi,2021-10-09,22.9,58,0.0
Delhi,2021-10-10,18.7,55,0.0
Delhi,2021-10-11,24.7,83,3.7
Delhi,2021-10-12,16.4,76,0.0
Delhi,2021-10-13,26.7,81,0.0
Delhi,2021-10-14,21.8,54,1.6
Delhi,2021-10-15,29.1,82,0.0
Delhi,2021-10-16,27.9,89,1.0
Delhi,2021-10-17,27.9,82,0.0
Delhi,2021-10-18,20.1,41,0.0
Delhi,2021-10-19,21.6,63,3.6
Delhi,2021-10-20,18.9,58,0.0
Delhi,2021-10-21,21.6,76,0.0
Delhi,2021-10-22,28.0,49,0.0
Delhi,2021-10-23,15.5,75,1.4
Delhi,2021-10-24,19.4,73,0.0
Delhi,2021-10-25,23.5,84,0.0
Delhi,2021-10-26,16.5,80,0.0
Delhi,2021-10-27,17.3,86,0.0
Delhi,2021-10-28,27.2,53,0.0
Delhi,2021-10-29,25.7,88,0.0
Delhi,2021-10-30,15.4,52,0.0
Delhi,2021-10-31,18.8,78,0.0
Delhi,2021-11-01,25.3,73,4.0
Delhi,2021-11-02,15.4,81,1.3
Delhi,2021-11-03,21.1,82,0.0
Delhi,2021-11-04,17.2,58,0.0
Delhi,2021-11-05,15.8,67,0.0
Delhi,2021-11-06,27.4,59,0.0
Delhi,2021-11-07,26.7,76,0.0
Delhi,2021-11-08,19.9,68,1.8
Delhi,2021-11-09,21.7,54,0.0
Delhi,2021-11-10,22.5,41,0.0
Delhi,2021-11-11,30.0,78,0.0
Delhi,2021-11-12,17.9,86,3.8
Delhi,2021-11-13,24.4,55,0.0
Delhi,2021-11-14,28.4,81,4.9
Delhi,2021-11-15,23.4,59,0.0
Delhi,2021-11-16,20.8,48,4.3
Delhi,2021-11-17,16.0,74,0.0
Delhi,2021-11-18,22.7,40,0.9
Delhi,2021-11-19,26.4,88,0.0
Delhi,2021-11-20,21.8,47,2.8
Delhi,2021-11-21,15.3,90,0.0
Delhi,2021-11-22,22.4,53,0.0
Delhi,2021-11-23,29.6,84,4.0
Delhi,2021-11-24,24.3,61,0.9
Delhi,2021-11-25,20.1,74,0.0
Delhi,2021-11-26,18.9,69,0.0
Delhi,2021-11-27,19.2,68,0.0
Delhi,2021-11-28,22.5,72,0.8
Delhi,2021-11-29,27.5,81,0.0
Delhi,2021-11-30,27.5,45,0.4
Delhi,2021-12-01,15.6,48,0.0
Delhi,2021-12-02,15.7,77,3.8
Delhi,2021-12-03,14.8,45,0.0
Delhi,2021-12-04,13.9,48,0.0
Delhi,2021-12-05,7.9,77,0.0
Delhi,2021-12-06,11.7,47,0.0
Delhi,2021-12-07,19.6,58,0.0
Delhi,2021-12-08,7.2,75,3.6
Delhi,2021-12-09,5.8,84,4.2
Delhi,2021-12-10,18.0,47,0.0
Delhi,2021-12-11,15.0,50,0.0
Delhi,2021-12-12,7.9,41,0.1
Delhi,2021-12-13,17.9,81,0.0
Delhi,2021-12-14,6.9,62,0.0
Delhi,2021-12-15,6.8,68,1.6
Delhi,2021-12-16,11.1,57,0.0
Delhi,2021-12-17,5.2,50,3.1
Delhi,2021-12-18,14.8,56,0.0
Delhi,2021-12-19,18.4,77,0.0
Delhi,2021-12-20,7.0,79,0.0
Delhi,2021-12-21,10.9,74,1.9
Delhi,2021-12-22,17.5,83,3.2
Delhi,2021-12-23,11.5,78,0.0
Delhi,2021-12-24,6.1,67,0.0
Delhi,2021-12-25,17.2,90,1.5
Delhi,2021-12-26,11.6,85,0.0
Delhi,2021-12-27,6.8,70,1.9
Delhi,2021-12-28,7.5,84,3.0
Delhi,2021-12-29,15.7,90,0.0
Delhi,2021-12-30,15.8,61,0.0
Delhi,2021-12-31,8.6,62,5.0
Delhi,2022-01-01,8.7,90,0.0
Delhi,2022-01-02,10.5,45,0.0
Delhi,2022-01-03,17.6,63,0.0
Delhi,2022-01-04,18.0,41,0.0
Delhi,2022-01-05,16.8,90,0.0
Delhi,2022-01-06,18.3,41,3.8
Delhi,2022-01-07,11.0,47,0.0
Delhi,2022-01-08,10.9,82,3.5
Delhi,2022-01-09,10.3,69,1.3
Delhi,2022-01-10,12.2,43,0.0
Delhi,2022-01-11,10.5,70,3.8
Delhi,2022-01-12,5.1,48,0.0
Delhi,2022-01-13,16.8,52,0.0
Delhi,2022-01-14,9.1,88,3.3
Delhi,2022-01-15,16.6,44,0.0
Delhi,2022-01-16,17.1,67,0.0
Delhi,2022-01-17,16.5,58,0.0
Delhi,2022-01-18,19.5,54,0.0
Delhi,2022-01-19,10.0,50,0.8
Delhi,2022-01-20,10.4,43,0.0
Delhi,2022-01-21,11.8,55,3.0
Delhi,2022-01-22,10.1,67,0.0
Delhi,2022-01-23,8.0,82,0.0
Delhi,2022-01-24,16.5,53,0.9
Delhi,2022-01-25,5.4,77,0.0
Delhi,2022-01-26,12.8,59,0.0
Delhi,2022-01-27,16.1,40,0.0
Delhi,2022-01-28,8.9,50,0.0
Delhi,2022-01-29,13.5,68,0.0
Delhi,2022-01-30,10.0,78,0.0
Delhi,2022-01-31,11.8,76,0.0
Delhi,2022-02-01,13.3,47,0.0
Delhi,2022-02-02,13.6,44,0.0
Delhi,2022-02-03,27.4,89,0.0
Delhi,2022-02-04,15.1,74,0.0
Delhi,2022-02-05,28.2,41,0.1
Delhi,2022-02-06,26.0,83,3.6
Delhi,2022-02-07,25.7,79,3.5
Delhi,2022-02-08,28.7,61,3.4
Delhi,2022-02-09,26.2,40,0.4
Delhi,2022-02-10,16.6,68,0.0
Delhi,2022-02-11,27.9,80,5.0
Delhi,2022-02-12,16.4,58,0.0
Delhi,2022-02-13,29.1,83,0.0
Delhi,2022-02-14,19.9,76,0.0
Delhi,2022-02-15,25.4,61,0.0
Delhi,2022-02-16,24.7,70,0.0
Delhi,2022-02-17,21.3,84,4.5
Delhi,2022-02-18,14.9,82,0.0
Delhi,2022-02-19,14.9,50,0.6
Delhi,2022-02-20,15.2,63,2.6
Delhi,2022-02-21,15.9,66,1.5
Delhi,2022-02-22,22.0,67,0.0
Delhi,2022-02-23,27.3,65,0.0
Delhi,2022-02-24,14.5,86,0.0
Delhi,2022-02-25,16.3,63,0.0
Delhi,2022-02-26,17.8,67,0.0
Delhi,2022-02-27,28.3,65,0.0
Delhi,2022-02-28,19.9,85,0.0
Delhi,2022-03-01,14.8,75,0.0
Delhi,2022-03-02,23.6,56,4.3
Delhi,2022-03-03,29.5,40,0.0
Delhi,2022-03-04,13.9,81,0.0
Delhi,2022-03-05,17.1,57,0.0
Delhi,2022-03-06,12.8,81,2.9
Delhi,2022-03-07,22.9,72,0.0
Delhi,2022-03-08,22.5,74,0.0
Delhi,2022-03-09,27.2,46,0.0
Delhi,2022-03-10,17.6,60,0.0
Delhi,2022-03-11,12.5,69,0.0
Delhi,2022-03-12,20.0,64,4.9
Delhi,2022-03-13,19.5,89,0.5
Delhi,2022-03-14,14.9,69,0.0
Delhi,2022-03-15,25.3,68,0.0
Delhi,2022-03-16,17.4,45,0.0
Delhi,2022-03-17,20.1,77,0.0
Delhi,2022-03-18,16.6,41,4.3
Delhi,2022-03-19,27.0,60,0.0
Delhi,2022-03-20,20.4,56,0.0
Delhi,2022-03-21,23.7,51,0.0
Delhi,2022-03-22,28.7,68,0.0
Delhi,2022-03-23,27.3,76,0.0
Delhi,2022-03-24,17.2,86,0.0
Delhi,2022-03-25,22.7,78,0.0
Delhi,2022-03-26,23.4,58,0.0
Delhi,2022-03-27,21.1,62,4.4
Delhi,2022-03-28,25.0,44,0.0
Delhi,2022-03-29,15.2,60,0.0
Delhi,2022-03-30,14.2,48,0.0
Delhi,2022-03-31,21.7,82,0.0
Delhi,2022-04-01,40.5,30,0.0
Delhi,2022-04-02,27.9,53,0.0
Delhi,2022-04-03,29.0,22,0.0
Delhi,2022-04-04,40.4,40,0.1
Delhi,2022-04-05,41.5,32,0.0
Delhi,2022-04-06,31.6,49,0.0
Delhi,2022-04-07,36.9,42,0.0
Delhi,2022-04-08,42.6,56,0.4
Delhi,2022-04-09,27.1,27,0.0
Delhi,2022-04-10,44.6,39,0.0
Delhi,2022-04-11,33.9,58,2.8
Delhi,2022-04-12,26.7,31,3.1
Delhi,2022-04-13,41.1,25,4.9
Delhi,2022-04-14,42.3,56,3.6
Delhi,2022-04-15,25.8,26,0.0
Delhi,2022-04-16,36.8,37,0.0
Delhi,2022-04-17,43.1,43,4.4
Delhi,2022-04-18,33.7,54,0.0
Delhi,2022-04-19,44.9,52,0.0
Delhi,2022-04-20,33.0,42,3.2
Delhi,2022-04-21,39.7,23,0.0
Delhi,2022-04-22,25.3,57,3.4
Delhi,2022-04-23,44.5,30,4.4
Delhi,2022-04-24,39.9,23,0.0
Delhi,2022-04-25,39.1,24,0.0
Delhi,2022-04-26,37.8,51,4.7
Delhi,2022-04-27,30.4,32,0.1
Delhi,2022-04-28,28.8,34,0.0
Delhi,2022-04-29,37.7,32,0.0
Delhi,2022-04-30,31.6,42,0.0
Delhi,2022-05-01,35.2,54,0.0
Delhi,2022-05-02,34.6,50,0.0
Delhi,2022-05-03,30.4,22,2.8
Delhi,2022-05-04,26.8,33,0.0
Delhi,2022-05-05,33.6,60,1.9
Delhi,2022-05-06,25.5,25,0.0
Delhi,2022-05-07,34.7,20,0.0
Delhi,2022-05-08,34.2,38,0.0
Delhi,2022-05-09,43.6,20,4.4
Delhi,2022-05-10,26.9,51,0.0
Delhi,2022-05-11,32.4,60,2.6
Delhi,2022-05-12,35.9,49,0.0
Delhi,2022-05-13,34.9,48,0.0
Delhi,2022-05-14,27.9,22,0.0
Delhi,2022-05-15,40.8,60,0.0
Delhi,2022-05-16,40.1,26,0.0
Delhi,2022-05-17,33.0,27,0.0
Delhi,2022-05-18,34.1,24,0.0
Delhi,2022-05-19,41.6,41,0.8
Delhi,2022-05-20,38.0,41,0.0
Delhi,2022-05-21,39.0,58,0.0
Delhi,2022-05-22,43.9,33,0.0
Delhi,2022-05-23,26.6,57,0.0
Delhi,2022-05-24,44.0,20,0.0
Delhi,2022-05-25,37.4,40,0.0
Delhi,2022-05-26,36.1,31,0.4
Delhi,2022-05-27,40.2,58,0.0
Delhi,2022-05-28,41.8,52,0.0
Delhi,2022-05-29,43.0,41,0.0
Delhi,2022-05-30,39.1,56,0.0
Delhi,2022-05-31,36.2,30,0.0
Delhi,2022-06-01,40.2,38,0.0
Delhi,2022-06-02,35.9,56,1.1
Delhi,2022-06-03,28.0,47,3.9
Delhi,2022-06-04,33.6,56,0.0
Delhi,2022-06-05,39.5,46,0.0
Delhi,2022-06-06,44.5,27,3.0
Delhi,2022-06-07,30.6,55,0.0
Delhi,2022-06-08,28.7,47,0.0
Delhi,2022-06-09,37.4,29,4.8
Delhi,2022-06-10,28.2,21,1.5
Delhi,2022-06-11,36.1,43,0.0
Delhi,2022-06-12,25.4,40,0.0
Delhi,2022-06-13,33.5,34,3.1
Delhi,2022-06-14,40.1,53,0.0
Delhi,2022-06-15,32.8,60,0.0
Delhi,2022-06-16,38.9,49,0.0
Delhi,2022-06-17,40.4,57,0.0
Delhi,2022-06-18,31.6,50,0.0
Delhi,2022-06-19,29.4,57,0.0
Delhi,2022-06-20,31.4,36,0.0
Delhi,2022-06-21,30.3,32,0.0
Delhi,2022-06-22,42.7,30,0.0
Delhi,2022-06-23,26.9,57,0.0
Delhi,2022-06-24,33.7,33,0.0
Delhi,2022-06-25,44.7,27,3.5
Delhi,2022-06-26,42.9,40,0.0
Delhi,2022-06-27,26.4,31,4.5
Delhi,2022-06-28,30.6,44,2.6
Delhi,2022-06-29,35.1,45,0.0
Delhi,2022-06-30,27.0,59,3.0
Delhi,2022-07-01,25.8,84,19.4
Delhi,2022-07-02,33.5,77,0.0
Delhi,2022-07-03,25.8,80,49.6
Delhi,2022-07-04,31.1,67,0.0
Delhi,2022-07-05,30.0,79,0.0
Delhi,2022-07-06,32.9,63,25.8
Delhi,2022-07-07,30.5,72,0.0
Delhi,2022-07-08,28.0,79,0.0
Delhi,2022-07-09,32.8,65,0.0
Delhi,2022-07-10,27.5,92,0.0
Delhi,2022-07-11,25.9,94,0.0
Delhi,2022-07-12,34.6,78,33.0
Delhi,2022-07-13,27.2,90,0.0
Delhi,2022-07-14,32.9,87,21.6
Delhi,2022-07-15,29.5,82,0.0
Delhi,2022-07-16,30.6,91,0.0
Delhi,2022-07-17,27.3,67,0.0
Delhi,2022-07-18,30.0,87,0.0
Delhi,2022-07-19,34.9,74,0.0
Delhi,2022-07-20,31.9,75,47.4
Delhi,2022-07-21,35.0,66,0.0
Delhi,2022-07-22,28.1,60,0.0
Delhi,2022-07-23,31.9,73,43.4
Delhi,2022-07-24,31.3,67,38.2
Delhi,2022-07-25,28.0,66,0.0
Delhi,2022-07-26,28.9,62,0.0
Delhi,2022-07-27,27.3,67,0.0
Delhi,2022-07-28,32.7,66,13.1
Delhi,2022-07-29,29.7,88,0.0
Delhi,2022-07-30,27.4,75,0.0
Delhi,2022-07-31,32.4,79,0.0
Delhi,2022-08-01,31.6,62,0.0
Delhi,2022-08-02,28.6,87,42.9
Delhi,2022-08-03,27.4,71,26.9
Delhi,2022-08-04,32.8,69,40.4
Delhi,2022-08-05,34.9,92,0.0
Delhi,2022-08-06,32.4,93,0.0
Delhi,2022-08-07,30.4,81,0.0
Delhi,2022-08-08,26.6,62,13.9
Delhi,2022-08-09,27.5,82,0.0
Delhi,2022-08-10,26.6,87,0.0
Delhi,2022-08-11,28.7,61,0.0
Delhi,2022-08-12,34.8,62,0.0
Delhi,2022-08-13,32.5,92,0.0
Delhi,2022-08-14,25.3,62,0.0
Delhi,2022-08-15,32.3,63,0.0
Delhi,2022-08-16,34.6,95,0.0
Delhi,2022-08-17,26.1,63,0.0
Delhi,2022-08-18,26.2,65,11.4
Delhi,2022-08-19,30.3,68,8.0
Delhi,2022-08-20,28.5,84,0.0
Delhi,2022-08-21,28.3,93,0.0
Delhi,2022-08-22,32.5,95,0.0
Delhi,2022-08-23,27.6,95,0.0
Delhi,2022-08-24,27.2,81,0.0
Delhi,2022-08-25,31.6,66,0.0
Delhi,2022-08-26,31.3,92,0.0
Delhi,2022-08-27,31.4,68,0.0
Delhi,2022-08-28,34.3,68,0.0
Delhi,2022-08-29,30.7,61,0.0
Delhi,2022-08-30,27.5,83,0.0
Delhi,2022-08-31,29.1,65,0.0
Delhi,2022-09-01,27.6,72,0.0
Delhi,2022-09-02,29.8,80,4.5
Delhi,2022-09-03,28.9,67,0.0
Delhi,2022-09-04,26.7,88,3.8
Delhi,2022-09-05,25.5,67,0.0
Delhi,2022-09-06,28.4,84,27.7
Delhi,2022-09-07,28.9,73,14.7
Delhi,2022-09-08,32.1,85,0.0
Delhi,2022-09-09,33.3,77,0.0
Delhi,2022-09-10,26.4,89,0.0
Delhi,2022-09-11,30.5,91,0.0
Delhi,2022-09-12,25.8,76,0.0
Delhi,2022-09-13,31.3,95,7.4
Delhi,2022-09-14,31.1,95,0.0
Delhi,2022-09-15,31.2,85,0.0
Delhi,2022-09-16,27.6,74,0.0
Delhi,2022-09-17,29.0,86,27.2
Delhi,2022-09-18,28.8,66,0.0
Delhi,2022-09-19,31.0,69,0.0
Delhi,2022-09-20,29.8,91,0.0
Delhi,2022-09-21,28.1,78,28.7
Delhi,2022-09-22,33.2,66,0.0
Delhi,2022-09-23,27.6,83,16.7
Delhi,2022-09-24,33.7,90,29.0
Delhi,2022-09-25,28.3,85,0.0
Delhi,2022-09-26,31.1,92,0.0
Delhi,2022-09-27,33.9,93,0.0
Delhi,2022-09-28,29.9,76,0.0
Delhi,2022-09-29,29.6,61,0.0
Delhi,2022-09-30,28.4,82,0.0
Delhi,2022-10-01,29.7,52,3.0
Delhi,2022-10-02,16.5,44,4.8
Delhi,2022-10-03,29.0,76,0.0
Delhi,2022-10-04,29.2,45,0.0
Delhi,2022-10-05,18.3,82,0.0
Delhi,2022-10-06,16.9,88,0.0
Delhi,2022-10-07,22.3,58,0.0
Delhi,2022-10-08,16.1,51,0.0
Delhi,2022-10-09,15.6,68,3.9
Delhi,2022-10-10,16.0,56,0.0
Delhi,2022-10-11,29.9,43,4.4
Delhi,2022-10-12,29.9,84,0.0
Delhi,2022-10-13,23.3,49,4.7
Delhi,2022-10-14,23.3,41,0.0
Delhi,2022-10-15,20.4,47,4.7
Delhi,2022-10-16,25.1,88,0.0
Delhi,2022-10-17,28.9,57,3.6
Delhi,2022-10-18,15.6,86,0.0
Delhi,2022-10-19,28.1,86,0.0
Delhi,2022-10-20,25.1,48,1.2
Delhi,2022-10-21,20.4,58,0.0
Delhi,2022-10-22,21.5,41,0.0
Delhi,2022-10-23,25.6,74,0.0
Delhi,2022-10-24,19.8,54,1.3
Delhi,2022-10-25,20.6,71,0.0
Delhi,2022-10-26,26.3,62,0.0
Delhi,2022-10-27,16.9,66,0.0
Delhi,2022-10-28,20.6,83,0.2
Delhi,2022-10-29,29.8,54,0.0
Delhi,2022-10-30,19.0,52,0.0
Delhi,2022-10-31,20.7,71,1.2
Delhi,2022-11-01,15.8,45,2.4
Delhi,2022-11-02,22.4,45,0.0
Delhi,2022-11-03,20.5,90,0.0
Delhi,2022-11-04,26.4,75,0.0
Delhi,2022-11-05,21.1,50,1.5
Delhi,2022-11-06,17.9,62,0.4
Delhi,2022-11-07,22.9,61,3.6
Delhi,2022-11-08,15.6,72,0.0
Delhi,2022-11-09,22.2,75,0.0
Delhi,2022-11-10,29.2,65,0.0
Delhi,2022-11-11,28.4,57,0.0
Delhi,2022-11-12,19.3,53,0.0
Delhi,2022-11-13,28.6,50,0.0
Delhi,2022-11-14,26.4,71,0.8
Delhi,2022-11-15,17.8,75,1.2
Delhi,2022-11-16,25.8,90,1.6
Delhi,2022-11-17,16.7,41,0.0
Delhi,2022-11-18,24.9,84,0.0
Delhi,2022-11-19,18.9,41,0.7
Delhi,2022-11-20,27.6,44,0.0
Delhi,2022-11-21,27.4,60,0.0
Delhi,2022-11-22,15.5,70,0.0
Delhi,2022-11-23,28.5,85,0.0
Delhi,2022-11-24,21.9,60,0.0
Delhi,2022-11-25,24.1,59,2.9
Delhi,2022-11-26,27.0,62,0.0
Delhi,2022-11-27,21.2,81,0.0
Delhi,2022-11-28,22.6,63,0.0
Delhi,2022-11-29,18.7,44,0.0
Delhi,2022-11-30,24.1,46,3.5
Delhi,2022-12-01,13.2,61,3.4
Delhi,2022-12-02,18.1,67,0.0
Delhi,2022-12-03,17.2,70,1.8
Delhi,2022-12-04,6.3,54,0.0
Delhi,2022-12-05,12.4,60,0.8
Delhi,2022-12-06,5.5,44,0.0
Delhi,2022-12-07,14.6,43,0.0
Delhi,2022-12-08,14.9,68,2.6
Delhi,2022-12-09,14.4,49,0.0
Delhi,2022-12-10,13.8,76,0.0
Delhi,2022-12-11,7.6,46,0.0
Delhi,2022-12-12,16.8,84,0.0
Delhi,2022-12-13,7.8,87,4.5
Delhi,2022-12-14,19.8,68,0.0
Delhi,2022-12-15,6.8,86,2.3
Delhi,2022-12-16,16.0,82,0.0
Delhi,2022-12-17,19.6,80,4.3
Delhi,2022-12-18,13.2,41,0.0
Delhi,2022-12-19,10.0,68,0.0
Delhi,2022-12-20,15.9,69,0.0
Delhi,2022-12-21,9.3,64,0.0
Delhi,2022-12-22,11.8,77,0.0
Delhi,2022-12-23,6.7,53,0.0
Delhi,2022-12-24,8.6,82,0.0
Delhi,2022-12-25,11.0,75,4.9
Delhi,2022-12-26,17.8,49,0.0
Delhi,2022-12-27,7.0,54,0.0
Delhi,2022-12-28,7.5,88,0.0
Delhi,2022-12-29,18.0,75,0.0
Delhi,2022-12-30,10.1,82,0.0
Delhi,2022-12-31,7.8,65,1.8
Delhi,2023-01-01,17.9,76,0.0
Delhi,2023-01-02,9.3,61,0.0
Delhi,2023-01-03,19.5,83,0.0
Delhi,2023-01-04,17.0,71,0.0
Delhi,2023-01-05,17.7,76,1.2
Delhi,2023-01-06,16.1,46,0.0
Delhi,2023-01-07,13.9,89,1.8
Delhi,2023-01-08,7.9,66,0.7
Delhi,2023-01-09,6.8,41,0.0
Delhi,2023-01-10,12.7,73,0.0
Delhi,2023-01-11,14.5,66,0.0
Delhi,2023-01-12,14.0,51,0.0
Delhi,2023-01-13,11.8,44,0.0
Delhi,2023-01-14,8.5,57,1.4
Delhi,2023-01-15,17.3,74,1.0
Delhi,2023-01-16,11.2,40,0.8
Delhi,2023-01-17,14.5,74,2.0
Delhi,2023-01-18,6.5,75,0.0
Delhi,2023-01-19,6.8,74,0.0
Delhi,2023-01-20,17.4,42,0.4
Delhi,2023-01-21,7.0,60,4.5
Delhi,2023-01-22,8.1,50,0.0
Delhi,2023-01-23,8.9,42,4.9
Delhi,2023-01-24,11.2,67,4.9
Delhi,2023-01-25,16.5,73,0.0
Delhi,2023-01-26,12.8,48,0.0
Delhi,2023-01-27,18.0,71,4.3
Delhi,2023-01-28,7.5,73,0.0
Delhi,2023-01-29,9.9,52,1.0
Delhi,2023-01-30,14.0,66,4.3
Delhi,2023-01-31,18.2,80,0.0
Delhi,2023-02-01,18.3,71,1.2
Delhi,2023-02-02,19.4,76,0.0
Delhi,2023-02-03,16.5,81,0.0
Delhi,2023-02-04,29.5,51,0.0
Delhi,2023-02-05,22.3,66,0.0
Delhi,2023-02-06,21.5,72,1.1
Delhi,2023-02-07,21.3,81,4.6
Delhi,2023-02-08,12.3,74,2.6
Delhi,2023-02-09,23.0,50,0.0
Delhi,2023-02-10,19.4,51,0.0
Delhi,2023-02-11,15.9,63,4.7
Delhi,2023-02-12,15.3,43,0.0
Delhi,2023-02-13,21.6,88,1.2
Delhi,2023-02-14,16.4,90,0.0
Delhi,2023-02-15,14.9,52,0.0
Delhi,2023-02-16,26.2,71,0.0
Delhi,2023-02-17,24.5,68,3.4
Delhi,2023-02-18,12.2,67,3.3
Delhi,2023-02-19,20.5,44,0.0
Delhi,2023-02-20,12.6,68,0.0
Delhi,2023-02-21,15.4,51,3.0
Delhi,2023-02-22,24.5,62,0.0
Delhi,2023-02-23,29.3,75,0.0
Delhi,2023-02-24,13.2,90,0.0
Delhi,2023-02-25,23.5,75,0.0
Delhi,2023-02-26,14.5,47,1.8
Delhi,2023-02-27,19.2,85,0.0
Delhi,2023-02-28,19.8,78,0.0
Delhi,2023-03-01,28.7,83,0.0
Delhi,2023-03-02,23.1,73,0.0
Delhi,2023-03-03,27.3,72,0.0
Delhi,2023-03-04,13.4,87,0.8
Delhi,2023-03-05,25.8,78,0.0
Delhi,2023-03-06,29.1,70,1.6
Delhi,2023-03-07,27.4,73,0.0
Delhi,2023-03-08,20.1,81,4.3
Delhi,2023-03-09,15.2,68,0.0
Delhi,2023-03-10,25.3,60,0.0
Delhi,2023-03-11,28.5,44,0.0
Delhi,2023-03-12,25.7,79,0.0
Delhi,2023-03-13,21.0,90,0.0
Delhi,2023-03-14,24.3,60,3.4
Delhi,2023-03-15,17.6,45,0.0
Delhi,2023-03-16,25.7,73,0.0
Delhi,2023-03-17,29.1,44,0.0
Delhi,2023-03-18,21.6,53,0.0
Delhi,2023-03-19,14.8,42,0.0
Delhi,2023-03-20,24.2,82,0.0
Delhi,2023-03-21,28.3,87,0.0
Delhi,2023-03-22,23.3,79,0.0
Delhi,2023-03-23,18.3,49,0.0
Delhi,2023-03-24,21.1,59,0.0
Delhi,2023-03-25,28.2,64,0.0
Delhi,2023-03-26,16.0,50,4.1
Delhi,2023-03-27,27.2,77,4.7
Delhi,2023-03-28,15.1,42,0.0
Delhi,2023-03-29,27.8,74,0.0
Delhi,2023-03-30,15.6,51,0.0
Delhi,2023-03-31,25.8,62,0.0
Delhi,2023-04-01,38.0,39,0.0
Delhi,2023-04-02,42.6,52,0.0
Delhi,2023-04-03,26.8,23,0.2
Delhi,2023-04-04,37.6,42,0.0
Delhi,2023-04-05,25.9,25,0.0
Delhi,2023-04-06,38.0,28,1.3
Delhi,2023-04-07,38.3,29,0.0
Delhi,2023-04-08,34.7,59,0.0
Delhi,2023-04-09,39.8,24,0.0
Delhi,2023-04-10,26.0,46,0.0
Delhi,2023-04-11,25.3,41,0.0
Delhi,2023-04-12,32.7,28,0.0
Delhi,2023-04-13,31.3,56,0.0
Delhi,2023-04-14,42.2,30,0.0
Delhi,2023-04-15,37.4,43,0.0
Delhi,2023-04-16,31.4,44,2.5
Delhi,2023-04-17,30.1,43,2.7
Delhi,2023-04-18,43.4,42,0.0
Delhi,2023-04-19,26.4,42,4.3
Delhi,2023-04-20,37.7,48,1.2
Delhi,2023-04-21,42.6,34,0.0
Delhi,2023-04-22,29.9,57,0.0
Delhi,2023-04-23,35.2,52,0.0
Delhi,2023-04-24,29.7,33,0.0
Delhi,2023-04-25,34.2,51,0.0
Delhi,2023-04-26,32.7,55,0.7
Delhi,2023-04-27,28.5,40,0.0
Delhi,2023-04-28,36.9,50,0.0
Delhi,2023-04-29,41.8,40,1.0
Delhi,2023-04-30,33.8,34,4.7
Delhi,2023-05-01,37.6,24,0.0
Delhi,2023-05-02,30.4,53,0.0
Delhi,2023-05-03,28.2,46,0.0
Delhi,2023-05-04,26.8,30,0.0
Delhi,2023-05-05,32.9,57,4.8
Delhi,2023-05-06,44.1,24,4.2
Delhi,2023-05-07,34.3,31,0.0
Delhi,2023-05-08,39.6,39,4.6
Delhi,2023-05-09,32.9,59,0.0
Delhi,2023-05-10,33.6,56,0.0
Delhi,2023-05-11,41.8,26,1.5
Delhi,2023-05-12,33.0,28,0.0
Delhi,2023-05-13,39.1,40,0.0
Delhi,2023-05-14,31.3,32,4.0
Delhi,2023-05-15,26.3,50,0.0
Delhi,2023-05-16,31.0,20,0.0
Delhi,2023-05-17,27.1,37,2.9
Delhi,2023-05-18,26.2,54,0.0
Delhi,2023-05-19,40.3,30,0.0
Delhi,2023-05-20,34.4,32,2.0
Delhi,2023-05-21,42.0,43,0.0
Delhi,2023-05-22,31.2,57,0.0
Delhi,2023-05-23,32.0,46,0.0
Delhi,2023-05-24,40.9,48,0.0
Delhi,2023-05-25,37.7,23,0.0
Delhi,2023-05-26,37.2,24,0.1
Delhi,2023-05-27,25.4,28,0.0
Delhi,2023-05-28,32.6,24,0.3
Delhi,2023-05-29,32.4,30,0.0
Delhi,2023-05-30,37.8,20,0.0
Delhi,2023-05-31,36.5,33,2.1
Delhi,2023-06-01,38.8,35,0.0
Delhi,2023-06-02,33.8,27,0.0
Delhi,2023-06-03,44.8,56,0.0
Delhi,2023-06-04,25.8,60,0.0
Delhi,2023-06-05,30.2,57,3.7
Delhi,2023-06-06,44.0,25,0.8
Delhi,2023-06-07,29.5,48,3.7
Delhi,2023-06-08,38.2,54,3.7
Delhi,2023-06-09,39.8,22,0.0
Delhi,2023-06-10,42.0,23,0.4
Delhi,2023-06-11,38.5,37,0.0
Delhi,2023-06-12,43.8,25,0.0
Delhi,2023-06-13,38.5,59,0.6
Delhi,2023-06-14,40.9,59,0.0
Delhi,2023-06-15,30.0,34,0.0
Delhi,2023-06-16,28.3,56,0.0
Delhi,2023-06-17,37.4,30,3.2
Delhi,2023-06-18,41.4,35,0.0
Delhi,2023-06-19,26.3,47,0.0
Delhi,2023-06-20,35.3,31,0.0
Delhi,2023-06-21,32.2,51,0.0
Delhi,2023-06-22,36.9,58,3.8
Delhi,2023-06-23,26.2,34,0.0
Delhi,2023-06-24,37.7,22,1.4
Delhi,2023-06-25,26.6,60,3.5
Delhi,2023-06-26,26.6,53,0.0
Delhi,2023-06-27,43.0,56,1.5
Delhi,2023-06-28,29.3,46,0.0
Delhi,2023-06-29,26.8,51,0.0
Delhi,2023-06-30,37.1,30,0.0
Delhi,2023-07-01,33.4,95,0.0
Delhi,2023-07-02,32.2,63,0.0
Delhi,2023-07-03,30.2,83,0.0
Delhi,2023-07-04,28.9,64,7.8
Delhi,2023-07-05,32.7,78,0.0
Delhi,2023-07-06,32.7,76,0.0
Delhi,2023-07-07,26.7,94,0.0
Delhi,2023-07-08,30.5,65,0.0
Delhi,2023-07-09,26.5,88,0.0
Delhi,2023-07-10,31.5,88,0.0
Delhi,2023-07-11,31.7,78,0.0
Delhi,2023-07-12,28.4,82,0.0
Delhi,2023-07-13,28.4,83,0.0
Delhi,2023-07-14,35.0,61,0.0
Delhi,2023-07-15,28.3,67,7.5
Delhi,2023-07-16,29.0,93,0.0
Delhi,2023-07-17,25.4,87,47.1
Delhi,2023-07-18,28.6,77,0.0
Delhi,2023-07-19,29.8,74,0.0
Delhi,2023-07-20,29.3,66,46.7
Delhi,2023-07-21,29.7,71,0.0
Delhi,2023-07-22,31.0,62,0.0
Delhi,2023-07-23,30.8,90,8.1
Delhi,2023-07-24,26.3,82,0.0
Delhi,2023-07-25,25.9,93,0.0
Delhi,2023-07-26,28.8,63,0.0
Delhi,2023-07-27,31.1,71,0.0
Delhi,2023-07-28,27.8,70,15.3
Delhi,2023-07-29,28.2,71,0.0
Delhi,2023-07-30,25.4,84,0.0
Delhi,2023-07-31,32.1,92,0.0
Delhi,2023-08-01,28.3,77,0.0
Delhi,2023-08-02,30.3,87,30.4
Delhi,2023-08-03,30.5,77,0.0
Delhi,2023-08-04,25.7,85,11.2
Delhi,2023-08-05,33.5,76,0.0
Delhi,2023-08-06,29.4,82,0.0
Delhi,2023-08-07,27.3,90,37.7
Delhi,2023-08-08,34.8,71,0.0
Delhi,2023-08-09,34.7,81,0.0
Delhi,2023-08-10,32.7,81,0.0
Delhi,2023-08-11,34.6,62,0.0
Delhi,2023-08-12,27.3,81,0.0
Delhi,2023-08-13,31.4,68,37.5
Delhi,2023-08-14,34.0,66,13.5
Delhi,2023-08-15,33.6,92,0.0
Delhi,2023-08-16,32.8,80,0.0
Delhi,2023-08-17,32.2,68,0.0
Delhi,2023-08-18,25.2,61,0.0
Delhi,2023-08-19,25.6,85,0.0
Delhi,2023-08-20,31.2,86,0.0
Delhi,2023-08-21,25.2,73,23.6
Delhi,2023-08-22,27.8,94,15.1
Delhi,2023-08-23,29.2,60,39.8
Delhi,2023-08-24,34.9,81,0.0
Delhi,2023-08-25,32.4,77,0.0
Delhi,2023-08-26,29.7,64,0.0
Delhi,2023-08-27,28.6,73,11.4
Delhi,2023-08-28,29.4,93,0.0
Delhi,2023-08-29,34.8,95,0.0
Delhi,2023-08-30,32.6,62,0.0
Delhi,2023-08-31,28.2,94,0.0
Delhi,2023-09-01,31.3,86,0.0
Delhi,2023-09-02,25.4,67,0.0
Delhi,2023-09-03,30.4,80,0.0
Delhi,2023-09-04,25.8,89,0.0
Delhi,2023-09-05,25.7,70,0.0
Delhi,2023-09-06,34.4,83,0.0
Delhi,2023-09-07,33.4,62,27.1
Delhi,2023-09-08,26.3,76,0.0
Delhi,2023-09-09,29.3,91,0.0
Delhi,2023-09-10,33.6,88,0.0
Delhi,2023-09-11,30.6,82,0.0
Delhi,2023-09-12,28.7,83,11.1
Delhi,2023-09-13,30.1,80,0.0
Delhi,2023-09-14,33.9,70,0.0
Delhi,2023-09-15,25.8,73,14.7
Delhi,2023-09-16,33.8,60,8.0
Delhi,2023-09-17,26.3,77,0.0
Delhi,2023-09-18,31.0,71,0.0
Delhi,2023-09-19,25.2,83,0.0
Delhi,2023-09-20,34.1,77,0.0
Delhi,2023-09-21,26.9,93,0.0
Delhi,2023-09-22,25.9,70,0.0
Delhi,2023-09-23,29.7,76,20.7
Delhi,2023-09-24,32.5,77,0.0
Delhi,2023-09-25,30.3,75,0.0
Delhi,2023-09-26,33.7,64,0.0
Delhi,2023-09-27,33.1,64,0.0
Delhi,2023-09-28,25.2,79,0.0
Delhi,2023-09-29,29.9,74,39.1
Delhi,2023-09-30,34.4,87,0.0
Delhi,2023-10-01,24.6,83,3.5
Delhi,2023-10-02,19.9,45,1.7
Delhi,2023-10-03,16.0,71,4.7
Delhi,2023-10-04,16.8,74,0.0
Delhi,2023-10-05,25.3,75,0.0
Delhi,2023-10-06,17.6,47,0.9
Delhi,2023-10-07,25.4,60,0.0
Delhi,2023-10-08,21.7,47,3.1
Delhi,2023-10-09,17.3,89,0.0
Delhi,2023-10-10,29.9,78,2.3
Delhi,2023-10-11,25.0,61,0.8
Delhi,2023-10-12,23.7,59,0.0
Delhi,2023-10-13,20.1,49,0.0
Delhi,2023-10-14,28.2,84,0.0
Delhi,2023-10-15,22.6,82,0.0
Delhi,2023-10-16,20.5,70,0.0
Delhi,2023-10-17,17.7,49,0.0
Delhi,2023-10-18,18.0,85,0.0
Delhi,2023-10-19,19.9,45,4.8
Delhi,2023-10-20,19.0,44,0.0
Delhi,2023-10-21,25.4,57,0.0
Delhi,2023-10-22,21.0,43,0.0
Delhi,2023-10-23,27.2,64,0.0
Delhi,2023-10-24,15.7,74,0.0
Delhi,2023-10-25,20.2,51,1.0
Delhi,2023-10-26,27.3,62,0.0
Delhi,2023-10-27,22.7,69,0.0
Delhi,2023-10-28,24.5,49,0.0
Delhi,2023-10-29,24.0,84,4.4
Delhi,2023-10-30,27.8,66,1.5
Delhi,2023-10-31,25.6,55,0.0
Delhi,2023-11-01,28.0,42,0.9
Delhi,2023-11-02,29.0,47,0.0
Delhi,2023-11-03,19.9,40,0.0
Delhi,2023-11-04,25.8,60,0.3
Delhi,2023-11-05,27.2,49,1.3
Delhi,2023-11-06,26.0,74,0.0
Delhi,2023-11-07,19.2,44,0.0
Delhi,2023-11-08,25.6,61,0.0
Delhi,2023-11-09,16.1,75,0.0
Delhi,2023-11-10,18.8,52,0.0
Delhi,2023-11-11,17.9,85,0.0
Delhi,2023-11-12,29.7,52,4.2
Delhi,2023-11-13,23.1,54,0.0
Delhi,2023-11-14,24.8,51,0.0
Delhi,2023-11-15,21.4,88,0.0
Delhi,2023-11-16,28.9,57,1.8
Delhi,2023-11-17,28.8,72,2.5
Delhi,2023-11-18,25.6,46,0.0
Delhi,2023-11-19,24.0,53,0.0
Delhi,2023-11-20,24.1,51,0.0
Delhi,2023-11-21,22.6,48,0.9
Delhi,2023-11-22,28.3,48,0.1
Delhi,2023-11-23,23.5,74,0.0
Delhi,2023-11-24,26.5,62,0.0
Delhi,2023-11-25,25.3,52,0.0
Delhi,2023-11-26,22.7,49,0.0
Delhi,2023-11-27,27.8,90,1.0
Delhi,2023-11-28,21.2,88,0.0
Delhi,2023-11-29,15.0,64,4.2
Delhi,2023-11-30,22.0,40,0.0
Delhi,2023-12-01,16.1,60,0.1
Delhi,2023-12-02,10.9,56,0.0
Delhi,2023-12-03,17.9,68,0.0
Delhi,2023-12-04,17.3,44,0.0
Delhi,2023-12-05,5.0,44,0.0
Delhi,2023-12-06,15.6,43,0.0
Delhi,2023-12-07,12.2,42,0.0
Delhi,2023-12-08,14.3,45,0.0
Delhi,2023-12-09,13.1,86,0.0
Delhi,2023-12-10,18.5,84,0.1
Delhi,2023-12-11,14.2,61,4.1
Delhi,2023-12-12,6.2,55,0.0
Delhi,2023-12-13,16.0,86,0.0
Delhi,2023-12-14,6.3,43,0.8
Delhi,2023-12-15,14.1,56,0.0
Delhi,2023-12-16,18.8,55,0.0
Delhi,2023-12-17,6.2,51,0.0
Delhi,2023-12-18,5.5,54,0.9
Delhi,2023-12-19,9.8,68,4.0
Delhi,2023-12-20,5.2,68,3.6
Delhi,2023-12-21,14.8,62,4.4
Delhi,2023-12-22,5.6,76,3.4
Delhi,2023-12-23,7.4,53,1.0
Delhi,2023-12-24,17.8,49,0.0
Delhi,2023-12-25,13.5,78,0.0
Delhi,2023-12-26,17.1,66,0.0
Delhi,2023-12-27,13.3,83,0.6
Delhi,2023-12-28,11.1,51,1.1
Delhi,2023-12-29,8.4,84,3.7
Delhi,2023-12-30,16.2,76,1.7
Delhi,2023-12-31,18.9,78,0.0
Delhi,2024-01-01,18.3,79,0.0
